date,vaccine,sumTotal,geoRegion,pop,per100PersonsTotal,type,type_variant,version
2021-01-24,moderna,182800,CHFL,8644780,2.11,COVID19VaccDosesDelivered,vaccine,2021-09-19_16-00-00
2021-01-25,moderna,182800,CHFL,8644780,2.11,COVID19VaccDosesDelivered,vaccine,2021-09-19_16-00-00
2021-01-26,moderna,182800,CHFL,8644780,2.11,COVID19VaccDosesDelivered,vaccine,2021-09-19_16-00-00
2021-01-27,moderna,198800,CHFL,8644780,2.3,COVID19VaccDosesDelivered,vaccine,2021-09-19_16-00-00
2021-01-28,moderna,198800,CHFL,8644780,2.3,COVID19VaccDosesDelivered,vaccine,2021-09-19_16-00-00
2021-01-29,moderna,198800,CHFL,8644780,2.3,COVID19VaccDosesDelivered,vaccine,2021-09-19_16-00-00
2021-01-30,moderna,198800,CHFL,8644780,2.3,COVID19VaccDosesDelivered,vaccine,2021-09-19_16-00-00
2021-01-31,moderna,198800,CHFL,8644780,2.3,COVID19VaccDosesDelivered,vaccine,2021-09-19_16-00-00
2021-02-01,moderna,198800,CHFL,8644780,2.3,COVID19VaccDosesDelivered,vaccine,2021-09-19_16-00-00
2021-02-02,moderna,198800,CHFL,8644780,2.3,COVID19VaccDosesDelivered,vaccine,2021-09-19_16-00-00
2021-02-03,moderna,199300,CHFL,8644780,2.31,COVID19VaccDosesDelivered,vaccine,2021-09-19_16-00-00
2021-02-04,moderna,199300,CHFL,8644780,2.31,COVID19VaccDosesDelivered,vaccine,2021-09-19_16-00-00
2021-02-05,moderna,199300,CHFL,8644780,2.31,COVID19VaccDosesDelivered,vaccine,2021-09-19_16-00-00
2021-02-06,moderna,199300,CHFL,8644780,2.31,COVID19VaccDosesDelivered,vaccine,2021-09-19_16-00-00
2021-02-07,moderna,353500,CHFL,8644780,4.09,COVID19VaccDosesDelivered,vaccine,2021-09-19_16-00-00
2021-02-08,moderna,353500,CHFL,8644780,4.09,COVID19VaccDosesDelivered,vaccine,2021-09-19_16-00-00
2021-02-09,moderna,353500,CHFL,8644780,4.09,COVID19VaccDosesDelivered,vaccine,2021-09-19_16-00-00
2021-02-10,moderna,422500,CHFL,8644780,4.89,COVID19VaccDosesDelivered,vaccine,2021-09-19_16-00-00
2021-02-11,moderna,422500,CHFL,8644780,4.89,COVID19VaccDosesDelivered,vaccine,2021-09-19_16-00-00
2021-02-12,moderna,422500,CHFL,8644780,4.89,COVID19VaccDosesDelivered,vaccine,2021-09-19_16-00-00
2021-02-13,moderna,422500,CHFL,8644780,4.89,COVID19VaccDosesDelivered,vaccine,2021-09-19_16-00-00
2021-02-14,moderna,422900,CHFL,8644780,4.89,COVID19VaccDosesDelivered,vaccine,2021-09-19_16-00-00
2021-02-15,moderna,422900,CHFL,8644780,4.89,COVID19VaccDosesDelivered,vaccine,2021-09-19_16-00-00
2021-02-16,moderna,422900,CHFL,8644780,4.89,COVID19VaccDosesDelivered,vaccine,2021-09-19_16-00-00
2021-02-17,moderna,438400,CHFL,8644780,5.07,COVID19VaccDosesDelivered,vaccine,2021-09-19_16-00-00
2021-02-18,moderna,438400,CHFL,8644780,5.07,COVID19VaccDosesDelivered,vaccine,2021-09-19_16-00-00
2021-02-19,moderna,438400,CHFL,8644780,5.07,COVID19VaccDosesDelivered,vaccine,2021-09-19_16-00-00
2021-02-20,moderna,438400,CHFL,8644780,5.07,COVID19VaccDosesDelivered,vaccine,2021-09-19_16-00-00
2021-02-21,moderna,438400,CHFL,8644780,5.07,COVID19VaccDosesDelivered,vaccine,2021-09-19_16-00-00
2021-02-22,moderna,438400,CHFL,8644780,5.07,COVID19VaccDosesDelivered,vaccine,2021-09-19_16-00-00
2021-02-23,moderna,438400,CHFL,8644780,5.07,COVID19VaccDosesDelivered,vaccine,2021-09-19_16-00-00
2021-02-24,moderna,440000,CHFL,8644780,5.09,COVID19VaccDosesDelivered,vaccine,2021-09-19_16-00-00
2021-02-25,moderna,440000,CHFL,8644780,5.09,COVID19VaccDosesDelivered,vaccine,2021-09-19_16-00-00
2021-02-26,moderna,440000,CHFL,8644780,5.09,COVID19VaccDosesDelivered,vaccine,2021-09-19_16-00-00
2021-02-27,moderna,440000,CHFL,8644780,5.09,COVID19VaccDosesDelivered,vaccine,2021-09-19_16-00-00
2021-02-28,moderna,478500,CHFL,8644780,5.54,COVID19VaccDosesDelivered,vaccine,2021-09-19_16-00-00
2021-03-01,moderna,478500,CHFL,8644780,5.54,COVID19VaccDosesDelivered,vaccine,2021-09-19_16-00-00
2021-03-02,moderna,478500,CHFL,8644780,5.54,COVID19VaccDosesDelivered,vaccine,2021-09-19_16-00-00
2021-03-03,moderna,613100,CHFL,8644780,7.09,COVID19VaccDosesDelivered,vaccine,2021-09-19_16-00-00
2021-03-04,moderna,613100,CHFL,8644780,7.09,COVID19VaccDosesDelivered,vaccine,2021-09-19_16-00-00
2021-03-05,moderna,613100,CHFL,8644780,7.09,COVID19VaccDosesDelivered,vaccine,2021-09-19_16-00-00
2021-03-06,moderna,613100,CHFL,8644780,7.09,COVID19VaccDosesDelivered,vaccine,2021-09-19_16-00-00
2021-03-07,moderna,617600,CHFL,8644780,7.14,COVID19VaccDosesDelivered,vaccine,2021-09-19_16-00-00
2021-03-08,moderna,617600,CHFL,8644780,7.14,COVID19VaccDosesDelivered,vaccine,2021-09-19_16-00-00
2021-03-09,moderna,617600,CHFL,8644780,7.14,COVID19VaccDosesDelivered,vaccine,2021-09-19_16-00-00
2021-03-10,moderna,617600,CHFL,8644780,7.14,COVID19VaccDosesDelivered,vaccine,2021-09-19_16-00-00
2021-03-11,moderna,617600,CHFL,8644780,7.14,COVID19VaccDosesDelivered,vaccine,2021-09-19_16-00-00
2021-03-12,moderna,617600,CHFL,8644780,7.14,COVID19VaccDosesDelivered,vaccine,2021-09-19_16-00-00
2021-03-13,moderna,617600,CHFL,8644780,7.14,COVID19VaccDosesDelivered,vaccine,2021-09-19_16-00-00
2021-03-14,moderna,625500,CHFL,8644780,7.24,COVID19VaccDosesDelivered,vaccine,2021-09-19_16-00-00
2021-03-15,moderna,625500,CHFL,8644780,7.24,COVID19VaccDosesDelivered,vaccine,2021-09-19_16-00-00
2021-03-16,moderna,625500,CHFL,8644780,7.24,COVID19VaccDosesDelivered,vaccine,2021-09-19_16-00-00
2021-03-17,moderna,625500,CHFL,8644780,7.24,COVID19VaccDosesDelivered,vaccine,2021-09-19_16-00-00
2021-03-18,moderna,625500,CHFL,8644780,7.24,COVID19VaccDosesDelivered,vaccine,2021-09-19_16-00-00
2021-03-19,moderna,625500,CHFL,8644780,7.24,COVID19VaccDosesDelivered,vaccine,2021-09-19_16-00-00
2021-03-20,moderna,625500,CHFL,8644780,7.24,COVID19VaccDosesDelivered,vaccine,2021-09-19_16-00-00
2021-03-21,moderna,702200,CHFL,8644780,8.12,COVID19VaccDosesDelivered,vaccine,2021-09-19_16-00-00
2021-03-22,moderna,702200,CHFL,8644780,8.12,COVID19VaccDosesDelivered,vaccine,2021-09-19_16-00-00
2021-03-23,moderna,702200,CHFL,8644780,8.12,COVID19VaccDosesDelivered,vaccine,2021-09-19_16-00-00
2021-03-24,moderna,944200,CHFL,8644780,10.92,COVID19VaccDosesDelivered,vaccine,2021-09-19_16-00-00
2021-03-25,moderna,944200,CHFL,8644780,10.92,COVID19VaccDosesDelivered,vaccine,2021-09-19_16-00-00
2021-03-26,moderna,944200,CHFL,8644780,10.92,COVID19VaccDosesDelivered,vaccine,2021-09-19_16-00-00
2021-03-27,moderna,944200,CHFL,8644780,10.92,COVID19VaccDosesDelivered,vaccine,2021-09-19_16-00-00
2021-03-28,moderna,949400,CHFL,8644780,10.98,COVID19VaccDosesDelivered,vaccine,2021-09-19_16-00-00
2021-03-29,moderna,949400,CHFL,8644780,10.98,COVID19VaccDosesDelivered,vaccine,2021-09-19_16-00-00
2021-03-30,moderna,949400,CHFL,8644780,10.98,COVID19VaccDosesDelivered,vaccine,2021-09-19_16-00-00
2021-03-31,moderna,949400,CHFL,8644780,10.98,COVID19VaccDosesDelivered,vaccine,2021-09-19_16-00-00
2021-04-01,moderna,1207500,CHFL,8644780,13.97,COVID19VaccDosesDelivered,vaccine,2021-09-19_16-00-00
2021-04-02,moderna,1207500,CHFL,8644780,13.97,COVID19VaccDosesDelivered,vaccine,2021-09-19_16-00-00
2021-04-03,moderna,1207500,CHFL,8644780,13.97,COVID19VaccDosesDelivered,vaccine,2021-09-19_16-00-00
2021-04-04,moderna,1207500,CHFL,8644780,13.97,COVID19VaccDosesDelivered,vaccine,2021-09-19_16-00-00
2021-04-05,moderna,1207500,CHFL,8644780,13.97,COVID19VaccDosesDelivered,vaccine,2021-09-19_16-00-00
2021-04-06,moderna,1207500,CHFL,8644780,13.97,COVID19VaccDosesDelivered,vaccine,2021-09-19_16-00-00
2021-04-07,moderna,1265000,CHFL,8644780,14.63,COVID19VaccDosesDelivered,vaccine,2021-09-19_16-00-00
2021-04-08,moderna,1265000,CHFL,8644780,14.63,COVID19VaccDosesDelivered,vaccine,2021-09-19_16-00-00
2021-04-09,moderna,1265000,CHFL,8644780,14.63,COVID19VaccDosesDelivered,vaccine,2021-09-19_16-00-00
2021-04-10,moderna,1265000,CHFL,8644780,14.63,COVID19VaccDosesDelivered,vaccine,2021-09-19_16-00-00
2021-04-11,moderna,1309500,CHFL,8644780,15.15,COVID19VaccDosesDelivered,vaccine,2021-09-19_16-00-00
2021-04-12,moderna,1309500,CHFL,8644780,15.15,COVID19VaccDosesDelivered,vaccine,2021-09-19_16-00-00
2021-04-13,moderna,1309500,CHFL,8644780,15.15,COVID19VaccDosesDelivered,vaccine,2021-09-19_16-00-00
2021-04-14,moderna,1309900,CHFL,8644780,15.15,COVID19VaccDosesDelivered,vaccine,2021-09-19_16-00-00
2021-04-15,moderna,1309900,CHFL,8644780,15.15,COVID19VaccDosesDelivered,vaccine,2021-09-19_16-00-00
2021-04-16,moderna,1309900,CHFL,8644780,15.15,COVID19VaccDosesDelivered,vaccine,2021-09-19_16-00-00
2021-04-17,moderna,1309900,CHFL,8644780,15.15,COVID19VaccDosesDelivered,vaccine,2021-09-19_16-00-00
2021-04-18,moderna,1323600,CHFL,8644780,15.31,COVID19VaccDosesDelivered,vaccine,2021-09-19_16-00-00
2021-04-19,moderna,1323600,CHFL,8644780,15.31,COVID19VaccDosesDelivered,vaccine,2021-09-19_16-00-00
2021-04-20,moderna,1323600,CHFL,8644780,15.31,COVID19VaccDosesDelivered,vaccine,2021-09-19_16-00-00
2021-04-21,moderna,1417100,CHFL,8644780,16.39,COVID19VaccDosesDelivered,vaccine,2021-09-19_16-00-00
2021-04-22,moderna,1417100,CHFL,8644780,16.39,COVID19VaccDosesDelivered,vaccine,2021-09-19_16-00-00
2021-04-23,moderna,1417100,CHFL,8644780,16.39,COVID19VaccDosesDelivered,vaccine,2021-09-19_16-00-00
2021-04-24,moderna,1417100,CHFL,8644780,16.39,COVID19VaccDosesDelivered,vaccine,2021-09-19_16-00-00
2021-04-25,moderna,1590500,CHFL,8644780,18.4,COVID19VaccDosesDelivered,vaccine,2021-09-19_16-00-00
2021-04-26,moderna,1590500,CHFL,8644780,18.4,COVID19VaccDosesDelivered,vaccine,2021-09-19_16-00-00
2021-04-27,moderna,1590500,CHFL,8644780,18.4,COVID19VaccDosesDelivered,vaccine,2021-09-19_16-00-00
2021-04-28,moderna,1674900,CHFL,8644780,19.37,COVID19VaccDosesDelivered,vaccine,2021-09-19_16-00-00
2021-04-29,moderna,1674900,CHFL,8644780,19.37,COVID19VaccDosesDelivered,vaccine,2021-09-19_16-00-00
2021-04-30,moderna,1674900,CHFL,8644780,19.37,COVID19VaccDosesDelivered,vaccine,2021-09-19_16-00-00
2021-05-01,moderna,1674900,CHFL,8644780,19.37,COVID19VaccDosesDelivered,vaccine,2021-09-19_16-00-00
2021-05-02,moderna,1677900,CHFL,8644780,19.41,COVID19VaccDosesDelivered,vaccine,2021-09-19_16-00-00
2021-05-03,moderna,1677900,CHFL,8644780,19.41,COVID19VaccDosesDelivered,vaccine,2021-09-19_16-00-00
2021-05-04,moderna,1677900,CHFL,8644780,19.41,COVID19VaccDosesDelivered,vaccine,2021-09-19_16-00-00
2021-05-05,moderna,2089700,CHFL,8644780,24.17,COVID19VaccDosesDelivered,vaccine,2021-09-19_16-00-00
2021-05-06,moderna,2089700,CHFL,8644780,24.17,COVID19VaccDosesDelivered,vaccine,2021-09-19_16-00-00
2021-05-07,moderna,2089700,CHFL,8644780,24.17,COVID19VaccDosesDelivered,vaccine,2021-09-19_16-00-00
2021-05-08,moderna,2089700,CHFL,8644780,24.17,COVID19VaccDosesDelivered,vaccine,2021-09-19_16-00-00
2021-05-09,moderna,2146600,CHFL,8644780,24.83,COVID19VaccDosesDelivered,vaccine,2021-09-19_16-00-00
2021-05-10,moderna,2146600,CHFL,8644780,24.83,COVID19VaccDosesDelivered,vaccine,2021-09-19_16-00-00
2021-05-11,moderna,2146600,CHFL,8644780,24.83,COVID19VaccDosesDelivered,vaccine,2021-09-19_16-00-00
2021-05-12,moderna,2192500,CHFL,8644780,25.36,COVID19VaccDosesDelivered,vaccine,2021-09-19_16-00-00
2021-05-13,moderna,2192500,CHFL,8644780,25.36,COVID19VaccDosesDelivered,vaccine,2021-09-19_16-00-00
2021-05-14,moderna,2192500,CHFL,8644780,25.36,COVID19VaccDosesDelivered,vaccine,2021-09-19_16-00-00
2021-05-15,moderna,2192500,CHFL,8644780,25.36,COVID19VaccDosesDelivered,vaccine,2021-09-19_16-00-00
2021-05-16,moderna,2192500,CHFL,8644780,25.36,COVID19VaccDosesDelivered,vaccine,2021-09-19_16-00-00
2021-05-17,moderna,2192500,CHFL,8644780,25.36,COVID19VaccDosesDelivered,vaccine,2021-09-19_16-00-00
2021-05-18,moderna,2192500,CHFL,8644780,25.36,COVID19VaccDosesDelivered,vaccine,2021-09-19_16-00-00
2021-05-19,moderna,2820500,CHFL,8644780,32.63,COVID19VaccDosesDelivered,vaccine,2021-09-19_16-00-00
2021-05-20,moderna,2820500,CHFL,8644780,32.63,COVID19VaccDosesDelivered,vaccine,2021-09-19_16-00-00
2021-05-21,moderna,2820500,CHFL,8644780,32.63,COVID19VaccDosesDelivered,vaccine,2021-09-19_16-00-00
2021-05-22,moderna,2820500,CHFL,8644780,32.63,COVID19VaccDosesDelivered,vaccine,2021-09-19_16-00-00
2021-05-23,moderna,2882800,CHFL,8644780,33.35,COVID19VaccDosesDelivered,vaccine,2021-09-19_16-00-00
2021-05-24,moderna,2882800,CHFL,8644780,33.35,COVID19VaccDosesDelivered,vaccine,2021-09-19_16-00-00
2021-05-25,moderna,2882800,CHFL,8644780,33.35,COVID19VaccDosesDelivered,vaccine,2021-09-19_16-00-00
2021-05-26,moderna,2943400,CHFL,8644780,34.05,COVID19VaccDosesDelivered,vaccine,2021-09-19_16-00-00
2021-05-27,moderna,2943400,CHFL,8644780,34.05,COVID19VaccDosesDelivered,vaccine,2021-09-19_16-00-00
2021-05-28,moderna,2943400,CHFL,8644780,34.05,COVID19VaccDosesDelivered,vaccine,2021-09-19_16-00-00
2021-05-29,moderna,2943400,CHFL,8644780,34.05,COVID19VaccDosesDelivered,vaccine,2021-09-19_16-00-00
2021-05-30,moderna,2948600,CHFL,8644780,34.11,COVID19VaccDosesDelivered,vaccine,2021-09-19_16-00-00
2021-05-31,moderna,2948600,CHFL,8644780,34.11,COVID19VaccDosesDelivered,vaccine,2021-09-19_16-00-00
2021-06-01,moderna,2948600,CHFL,8644780,34.11,COVID19VaccDosesDelivered,vaccine,2021-09-19_16-00-00
2021-06-02,moderna,3769600,CHFL,8644780,43.61,COVID19VaccDosesDelivered,vaccine,2021-09-19_16-00-00
2021-06-03,moderna,3769600,CHFL,8644780,43.61,COVID19VaccDosesDelivered,vaccine,2021-09-19_16-00-00
2021-06-04,moderna,3769600,CHFL,8644780,43.61,COVID19VaccDosesDelivered,vaccine,2021-09-19_16-00-00
2021-06-05,moderna,3769600,CHFL,8644780,43.61,COVID19VaccDosesDelivered,vaccine,2021-09-19_16-00-00
2021-06-06,moderna,3808200,CHFL,8644780,44.05,COVID19VaccDosesDelivered,vaccine,2021-09-19_16-00-00
2021-06-07,moderna,3808200,CHFL,8644780,44.05,COVID19VaccDosesDelivered,vaccine,2021-09-19_16-00-00
2021-06-08,moderna,3808200,CHFL,8644780,44.05,COVID19VaccDosesDelivered,vaccine,2021-09-19_16-00-00
2021-06-09,moderna,3957200,CHFL,8644780,45.78,COVID19VaccDosesDelivered,vaccine,2021-09-19_16-00-00
2021-06-10,moderna,3957200,CHFL,8644780,45.78,COVID19VaccDosesDelivered,vaccine,2021-09-19_16-00-00
2021-06-11,moderna,3957200,CHFL,8644780,45.78,COVID19VaccDosesDelivered,vaccine,2021-09-19_16-00-00
2021-06-12,moderna,3957200,CHFL,8644780,45.78,COVID19VaccDosesDelivered,vaccine,2021-09-19_16-00-00
2021-06-13,moderna,3957700,CHFL,8644780,45.78,COVID19VaccDosesDelivered,vaccine,2021-09-19_16-00-00
2021-06-14,moderna,3957700,CHFL,8644780,45.78,COVID19VaccDosesDelivered,vaccine,2021-09-19_16-00-00
2021-06-15,moderna,3957700,CHFL,8644780,45.78,COVID19VaccDosesDelivered,vaccine,2021-09-19_16-00-00
2021-06-16,moderna,4422700,CHFL,8644780,51.16,COVID19VaccDosesDelivered,vaccine,2021-09-19_16-00-00
2021-06-17,moderna,4422700,CHFL,8644780,51.16,COVID19VaccDosesDelivered,vaccine,2021-09-19_16-00-00
2021-06-18,moderna,4422700,CHFL,8644780,51.16,COVID19VaccDosesDelivered,vaccine,2021-09-19_16-00-00
2021-06-19,moderna,4422700,CHFL,8644780,51.16,COVID19VaccDosesDelivered,vaccine,2021-09-19_16-00-00
2021-06-20,moderna,4457900,CHFL,8644780,51.57,COVID19VaccDosesDelivered,vaccine,2021-09-19_16-00-00
2021-06-21,moderna,4457900,CHFL,8644780,51.57,COVID19VaccDosesDelivered,vaccine,2021-09-19_16-00-00
2021-06-22,moderna,4457900,CHFL,8644780,51.57,COVID19VaccDosesDelivered,vaccine,2021-09-19_16-00-00
2021-06-23,moderna,4881100,CHFL,8644780,56.46,COVID19VaccDosesDelivered,vaccine,2021-09-19_16-00-00
2021-06-24,moderna,4881100,CHFL,8644780,56.46,COVID19VaccDosesDelivered,vaccine,2021-09-19_16-00-00
2021-06-25,moderna,4881100,CHFL,8644780,56.46,COVID19VaccDosesDelivered,vaccine,2021-09-19_16-00-00
2021-06-26,moderna,4881100,CHFL,8644780,56.46,COVID19VaccDosesDelivered,vaccine,2021-09-19_16-00-00
2021-06-27,moderna,4884300,CHFL,8644780,56.5,COVID19VaccDosesDelivered,vaccine,2021-09-19_16-00-00
2021-06-28,moderna,4884300,CHFL,8644780,56.5,COVID19VaccDosesDelivered,vaccine,2021-09-19_16-00-00
2021-06-29,moderna,4884300,CHFL,8644780,56.5,COVID19VaccDosesDelivered,vaccine,2021-09-19_16-00-00
2021-06-30,moderna,5424900,CHFL,8644780,62.75,COVID19VaccDosesDelivered,vaccine,2021-09-19_16-00-00
2021-07-01,moderna,5424900,CHFL,8644780,62.75,COVID19VaccDosesDelivered,vaccine,2021-09-19_16-00-00
2021-07-02,moderna,5424900,CHFL,8644780,62.75,COVID19VaccDosesDelivered,vaccine,2021-09-19_16-00-00
2021-07-03,moderna,5424900,CHFL,8644780,62.75,COVID19VaccDosesDelivered,vaccine,2021-09-19_16-00-00
2021-07-04,moderna,5690800,CHFL,8644780,65.83,COVID19VaccDosesDelivered,vaccine,2021-09-19_16-00-00
2021-07-05,moderna,5690800,CHFL,8644780,65.83,COVID19VaccDosesDelivered,vaccine,2021-09-19_16-00-00
2021-07-06,moderna,5690800,CHFL,8644780,65.83,COVID19VaccDosesDelivered,vaccine,2021-09-19_16-00-00
2021-07-07,moderna,5851900,CHFL,8644780,67.69,COVID19VaccDosesDelivered,vaccine,2021-09-19_16-00-00
2021-07-08,moderna,5851900,CHFL,8644780,67.69,COVID19VaccDosesDelivered,vaccine,2021-09-19_16-00-00
2021-07-09,moderna,5851900,CHFL,8644780,67.69,COVID19VaccDosesDelivered,vaccine,2021-09-19_16-00-00
2021-07-10,moderna,5851900,CHFL,8644780,67.69,COVID19VaccDosesDelivered,vaccine,2021-09-19_16-00-00
2021-07-11,moderna,5861000,CHFL,8644780,67.8,COVID19VaccDosesDelivered,vaccine,2021-09-19_16-00-00
2021-07-12,moderna,5861000,CHFL,8644780,67.8,COVID19VaccDosesDelivered,vaccine,2021-09-19_16-00-00
2021-07-13,moderna,5861000,CHFL,8644780,67.8,COVID19VaccDosesDelivered,vaccine,2021-09-19_16-00-00
2021-07-14,moderna,5959100,CHFL,8644780,68.93,COVID19VaccDosesDelivered,vaccine,2021-09-19_16-00-00
2021-07-15,moderna,5959100,CHFL,8644780,68.93,COVID19VaccDosesDelivered,vaccine,2021-09-19_16-00-00
2021-07-16,moderna,5959100,CHFL,8644780,68.93,COVID19VaccDosesDelivered,vaccine,2021-09-19_16-00-00
2021-07-17,moderna,5959100,CHFL,8644780,68.93,COVID19VaccDosesDelivered,vaccine,2021-09-19_16-00-00
2021-07-18,moderna,5959100,CHFL,8644780,68.93,COVID19VaccDosesDelivered,vaccine,2021-09-19_16-00-00
2021-07-19,moderna,5959100,CHFL,8644780,68.93,COVID19VaccDosesDelivered,vaccine,2021-09-19_16-00-00
2021-07-20,moderna,5959100,CHFL,8644780,68.93,COVID19VaccDosesDelivered,vaccine,2021-09-19_16-00-00
2021-07-21,moderna,6124300,CHFL,8644780,70.84,COVID19VaccDosesDelivered,vaccine,2021-09-19_16-00-00
2021-07-22,moderna,6124300,CHFL,8644780,70.84,COVID19VaccDosesDelivered,vaccine,2021-09-19_16-00-00
2021-07-23,moderna,6124300,CHFL,8644780,70.84,COVID19VaccDosesDelivered,vaccine,2021-09-19_16-00-00
2021-07-24,moderna,6124300,CHFL,8644780,70.84,COVID19VaccDosesDelivered,vaccine,2021-09-19_16-00-00
2021-07-25,moderna,6124300,CHFL,8644780,70.84,COVID19VaccDosesDelivered,vaccine,2021-09-19_16-00-00
2021-07-26,moderna,6124300,CHFL,8644780,70.84,COVID19VaccDosesDelivered,vaccine,2021-09-19_16-00-00
2021-07-27,moderna,6124300,CHFL,8644780,70.84,COVID19VaccDosesDelivered,vaccine,2021-09-19_16-00-00
2021-07-28,moderna,6180500,CHFL,8644780,71.49,COVID19VaccDosesDelivered,vaccine,2021-09-19_16-00-00
2021-07-29,moderna,6180500,CHFL,8644780,71.49,COVID19VaccDosesDelivered,vaccine,2021-09-19_16-00-00
2021-07-30,moderna,6180500,CHFL,8644780,71.49,COVID19VaccDosesDelivered,vaccine,2021-09-19_16-00-00
2021-07-31,moderna,6180500,CHFL,8644780,71.49,COVID19VaccDosesDelivered,vaccine,2021-09-19_16-00-00
2021-08-01,moderna,6180500,CHFL,8644780,71.49,COVID19VaccDosesDelivered,vaccine,2021-09-19_16-00-00
2021-08-02,moderna,6180500,CHFL,8644780,71.49,COVID19VaccDosesDelivered,vaccine,2021-09-19_16-00-00
2021-08-03,moderna,6180500,CHFL,8644780,71.49,COVID19VaccDosesDelivered,vaccine,2021-09-19_16-00-00
2021-08-04,moderna,6200300,CHFL,8644780,71.72,COVID19VaccDosesDelivered,vaccine,2021-09-19_16-00-00
2021-08-05,moderna,6200300,CHFL,8644780,71.72,COVID19VaccDosesDelivered,vaccine,2021-09-19_16-00-00
2021-08-06,moderna,6200300,CHFL,8644780,71.72,COVID19VaccDosesDelivered,vaccine,2021-09-19_16-00-00
2021-08-07,moderna,6200300,CHFL,8644780,71.72,COVID19VaccDosesDelivered,vaccine,2021-09-19_16-00-00
2021-08-08,moderna,6200300,CHFL,8644780,71.72,COVID19VaccDosesDelivered,vaccine,2021-09-19_16-00-00
2021-08-09,moderna,6200300,CHFL,8644780,71.72,COVID19VaccDosesDelivered,vaccine,2021-09-19_16-00-00
2021-08-10,moderna,6200300,CHFL,8644780,71.72,COVID19VaccDosesDelivered,vaccine,2021-09-19_16-00-00
2021-08-11,moderna,6226900,CHFL,8644780,72.03,COVID19VaccDosesDelivered,vaccine,2021-09-19_16-00-00
2021-08-12,moderna,6226900,CHFL,8644780,72.03,COVID19VaccDosesDelivered,vaccine,2021-09-19_16-00-00
2021-08-13,moderna,6226900,CHFL,8644780,72.03,COVID19VaccDosesDelivered,vaccine,2021-09-19_16-00-00
2021-08-14,moderna,6226900,CHFL,8644780,72.03,COVID19VaccDosesDelivered,vaccine,2021-09-19_16-00-00
2021-08-15,moderna,6226900,CHFL,8644780,72.03,COVID19VaccDosesDelivered,vaccine,2021-09-19_16-00-00
2021-08-16,moderna,6226900,CHFL,8644780,72.03,COVID19VaccDosesDelivered,vaccine,2021-09-19_16-00-00
2021-08-17,moderna,6226900,CHFL,8644780,72.03,COVID19VaccDosesDelivered,vaccine,2021-09-19_16-00-00
2021-08-18,moderna,6260600,CHFL,8644780,72.42,COVID19VaccDosesDelivered,vaccine,2021-09-19_16-00-00
2021-08-19,moderna,6260600,CHFL,8644780,72.42,COVID19VaccDosesDelivered,vaccine,2021-09-19_16-00-00
2021-08-20,moderna,6260600,CHFL,8644780,72.42,COVID19VaccDosesDelivered,vaccine,2021-09-19_16-00-00
2021-08-21,moderna,6260600,CHFL,8644780,72.42,COVID19VaccDosesDelivered,vaccine,2021-09-19_16-00-00
2021-08-22,moderna,6260600,CHFL,8644780,72.42,COVID19VaccDosesDelivered,vaccine,2021-09-19_16-00-00
2021-08-23,moderna,6260600,CHFL,8644780,72.42,COVID19VaccDosesDelivered,vaccine,2021-09-19_16-00-00
2021-08-24,moderna,6260600,CHFL,8644780,72.42,COVID19VaccDosesDelivered,vaccine,2021-09-19_16-00-00
2021-08-25,moderna,6276200,CHFL,8644780,72.6,COVID19VaccDosesDelivered,vaccine,2021-09-19_16-00-00
2021-08-26,moderna,6276200,CHFL,8644780,72.6,COVID19VaccDosesDelivered,vaccine,2021-09-19_16-00-00
2021-08-27,moderna,6276200,CHFL,8644780,72.6,COVID19VaccDosesDelivered,vaccine,2021-09-19_16-00-00
2021-08-28,moderna,6276200,CHFL,8644780,72.6,COVID19VaccDosesDelivered,vaccine,2021-09-19_16-00-00
2021-08-29,moderna,6276200,CHFL,8644780,72.6,COVID19VaccDosesDelivered,vaccine,2021-09-19_16-00-00
2021-08-30,moderna,6276200,CHFL,8644780,72.6,COVID19VaccDosesDelivered,vaccine,2021-09-19_16-00-00
2021-08-31,moderna,6276200,CHFL,8644780,72.6,COVID19VaccDosesDelivered,vaccine,2021-09-19_16-00-00
2021-09-01,moderna,6382700,CHFL,8644780,73.83,COVID19VaccDosesDelivered,vaccine,2021-09-19_16-00-00
2021-09-02,moderna,6382700,CHFL,8644780,73.83,COVID19VaccDosesDelivered,vaccine,2021-09-19_16-00-00
2021-09-03,moderna,6382700,CHFL,8644780,73.83,COVID19VaccDosesDelivered,vaccine,2021-09-19_16-00-00
2021-09-04,moderna,6382700,CHFL,8644780,73.83,COVID19VaccDosesDelivered,vaccine,2021-09-19_16-00-00
2021-09-05,moderna,6382700,CHFL,8644780,73.83,COVID19VaccDosesDelivered,vaccine,2021-09-19_16-00-00
2021-09-06,moderna,6382700,CHFL,8644780,73.83,COVID19VaccDosesDelivered,vaccine,2021-09-19_16-00-00
2021-09-07,moderna,6382700,CHFL,8644780,73.83,COVID19VaccDosesDelivered,vaccine,2021-09-19_16-00-00
2021-09-08,moderna,6463200,CHFL,8644780,74.76,COVID19VaccDosesDelivered,vaccine,2021-09-19_16-00-00
2021-09-09,moderna,6463200,CHFL,8644780,74.76,COVID19VaccDosesDelivered,vaccine,2021-09-19_16-00-00
2021-09-10,moderna,6463200,CHFL,8644780,74.76,COVID19VaccDosesDelivered,vaccine,2021-09-19_16-00-00
2021-09-11,moderna,6463200,CHFL,8644780,74.76,COVID19VaccDosesDelivered,vaccine,2021-09-19_16-00-00
2021-09-12,moderna,6463200,CHFL,8644780,74.76,COVID19VaccDosesDelivered,vaccine,2021-09-19_16-00-00
2021-09-13,moderna,6463200,CHFL,8644780,74.76,COVID19VaccDosesDelivered,vaccine,2021-09-19_16-00-00
2021-09-14,moderna,6463200,CHFL,8644780,74.76,COVID19VaccDosesDelivered,vaccine,2021-09-19_16-00-00
2021-09-15,moderna,6685500,CHFL,8644780,77.34,COVID19VaccDosesDelivered,vaccine,2021-09-19_16-00-00
2021-09-16,moderna,6685500,CHFL,8644780,77.34,COVID19VaccDosesDelivered,vaccine,2021-09-19_16-00-00
2021-09-17,moderna,6685500,CHFL,8644780,77.34,COVID19VaccDosesDelivered,vaccine,2021-09-19_16-00-00
2021-09-18,moderna,6685500,CHFL,8644780,77.34,COVID19VaccDosesDelivered,vaccine,2021-09-19_16-00-00
2021-09-19,moderna,6685500,CHFL,8644780,77.34,COVID19VaccDosesDelivered,vaccine,2021-09-19_16-00-00
2021-01-24,pfizer_biontech,288600,CHFL,8644780,3.34,COVID19VaccDosesDelivered,vaccine,2021-09-19_16-00-00
2021-01-25,pfizer_biontech,288600,CHFL,8644780,3.34,COVID19VaccDosesDelivered,vaccine,2021-09-19_16-00-00
2021-01-26,pfizer_biontech,288600,CHFL,8644780,3.34,COVID19VaccDosesDelivered,vaccine,2021-09-19_16-00-00
2021-01-27,pfizer_biontech,316875,CHFL,8644780,3.67,COVID19VaccDosesDelivered,vaccine,2021-09-19_16-00-00
2021-01-28,pfizer_biontech,316875,CHFL,8644780,3.67,COVID19VaccDosesDelivered,vaccine,2021-09-19_16-00-00
2021-01-29,pfizer_biontech,316875,CHFL,8644780,3.67,COVID19VaccDosesDelivered,vaccine,2021-09-19_16-00-00
2021-01-30,pfizer_biontech,316875,CHFL,8644780,3.67,COVID19VaccDosesDelivered,vaccine,2021-09-19_16-00-00
2021-01-31,pfizer_biontech,318825,CHFL,8644780,3.69,COVID19VaccDosesDelivered,vaccine,2021-09-19_16-00-00
2021-02-01,pfizer_biontech,318825,CHFL,8644780,3.69,COVID19VaccDosesDelivered,vaccine,2021-09-19_16-00-00
2021-02-02,pfizer_biontech,318825,CHFL,8644780,3.69,COVID19VaccDosesDelivered,vaccine,2021-09-19_16-00-00
2021-02-03,pfizer_biontech,340275,CHFL,8644780,3.94,COVID19VaccDosesDelivered,vaccine,2021-09-19_16-00-00
2021-02-04,pfizer_biontech,340275,CHFL,8644780,3.94,COVID19VaccDosesDelivered,vaccine,2021-09-19_16-00-00
2021-02-05,pfizer_biontech,340275,CHFL,8644780,3.94,COVID19VaccDosesDelivered,vaccine,2021-09-19_16-00-00
2021-02-06,pfizer_biontech,340275,CHFL,8644780,3.94,COVID19VaccDosesDelivered,vaccine,2021-09-19_16-00-00
2021-02-07,pfizer_biontech,343200,CHFL,8644780,3.97,COVID19VaccDosesDelivered,vaccine,2021-09-19_16-00-00
2021-02-08,pfizer_biontech,343200,CHFL,8644780,3.97,COVID19VaccDosesDelivered,vaccine,2021-09-19_16-00-00
2021-02-09,pfizer_biontech,343200,CHFL,8644780,3.97,COVID19VaccDosesDelivered,vaccine,2021-09-19_16-00-00
2021-02-10,pfizer_biontech,359775,CHFL,8644780,4.16,COVID19VaccDosesDelivered,vaccine,2021-09-19_16-00-00
2021-02-11,pfizer_biontech,359775,CHFL,8644780,4.16,COVID19VaccDosesDelivered,vaccine,2021-09-19_16-00-00
2021-02-12,pfizer_biontech,359775,CHFL,8644780,4.16,COVID19VaccDosesDelivered,vaccine,2021-09-19_16-00-00
2021-02-13,pfizer_biontech,359775,CHFL,8644780,4.16,COVID19VaccDosesDelivered,vaccine,2021-09-19_16-00-00
2021-02-14,pfizer_biontech,359775,CHFL,8644780,4.16,COVID19VaccDosesDelivered,vaccine,2021-09-19_16-00-00
2021-02-15,pfizer_biontech,359775,CHFL,8644780,4.16,COVID19VaccDosesDelivered,vaccine,2021-09-19_16-00-00
2021-02-16,pfizer_biontech,359775,CHFL,8644780,4.16,COVID19VaccDosesDelivered,vaccine,2021-09-19_16-00-00
2021-02-17,pfizer_biontech,409500,CHFL,8644780,4.74,COVID19VaccDosesDelivered,vaccine,2021-09-19_16-00-00
2021-02-18,pfizer_biontech,409500,CHFL,8644780,4.74,COVID19VaccDosesDelivered,vaccine,2021-09-19_16-00-00
2021-02-19,pfizer_biontech,409500,CHFL,8644780,4.74,COVID19VaccDosesDelivered,vaccine,2021-09-19_16-00-00
2021-02-20,pfizer_biontech,409500,CHFL,8644780,4.74,COVID19VaccDosesDelivered,vaccine,2021-09-19_16-00-00
2021-02-21,pfizer_biontech,428025,CHFL,8644780,4.95,COVID19VaccDosesDelivered,vaccine,2021-09-19_16-00-00
2021-02-22,pfizer_biontech,428025,CHFL,8644780,4.95,COVID19VaccDosesDelivered,vaccine,2021-09-19_16-00-00
2021-02-23,pfizer_biontech,428025,CHFL,8644780,4.95,COVID19VaccDosesDelivered,vaccine,2021-09-19_16-00-00
2021-02-24,pfizer_biontech,492375,CHFL,8644780,5.7,COVID19VaccDosesDelivered,vaccine,2021-09-19_16-00-00
2021-02-25,pfizer_biontech,492375,CHFL,8644780,5.7,COVID19VaccDosesDelivered,vaccine,2021-09-19_16-00-00
2021-02-26,pfizer_biontech,492375,CHFL,8644780,5.7,COVID19VaccDosesDelivered,vaccine,2021-09-19_16-00-00
2021-02-27,pfizer_biontech,492375,CHFL,8644780,5.7,COVID19VaccDosesDelivered,vaccine,2021-09-19_16-00-00
2021-02-28,pfizer_biontech,493350,CHFL,8644780,5.71,COVID19VaccDosesDelivered,vaccine,2021-09-19_16-00-00
2021-03-01,pfizer_biontech,493350,CHFL,8644780,5.71,COVID19VaccDosesDelivered,vaccine,2021-09-19_16-00-00
2021-03-02,pfizer_biontech,493350,CHFL,8644780,5.71,COVID19VaccDosesDelivered,vaccine,2021-09-19_16-00-00
2021-03-03,pfizer_biontech,577200,CHFL,8644780,6.68,COVID19VaccDosesDelivered,vaccine,2021-09-19_16-00-00
2021-03-04,pfizer_biontech,577200,CHFL,8644780,6.68,COVID19VaccDosesDelivered,vaccine,2021-09-19_16-00-00
2021-03-05,pfizer_biontech,577200,CHFL,8644780,6.68,COVID19VaccDosesDelivered,vaccine,2021-09-19_16-00-00
2021-03-06,pfizer_biontech,577200,CHFL,8644780,6.68,COVID19VaccDosesDelivered,vaccine,2021-09-19_16-00-00
2021-03-07,pfizer_biontech,600600,CHFL,8644780,6.95,COVID19VaccDosesDelivered,vaccine,2021-09-19_16-00-00
2021-03-08,pfizer_biontech,600600,CHFL,8644780,6.95,COVID19VaccDosesDelivered,vaccine,2021-09-19_16-00-00
2021-03-09,pfizer_biontech,600600,CHFL,8644780,6.95,COVID19VaccDosesDelivered,vaccine,2021-09-19_16-00-00
2021-03-10,pfizer_biontech,663975,CHFL,8644780,7.68,COVID19VaccDosesDelivered,vaccine,2021-09-19_16-00-00
2021-03-11,pfizer_biontech,663975,CHFL,8644780,7.68,COVID19VaccDosesDelivered,vaccine,2021-09-19_16-00-00
2021-03-12,pfizer_biontech,663975,CHFL,8644780,7.68,COVID19VaccDosesDelivered,vaccine,2021-09-19_16-00-00
2021-03-13,pfizer_biontech,663975,CHFL,8644780,7.68,COVID19VaccDosesDelivered,vaccine,2021-09-19_16-00-00
2021-03-14,pfizer_biontech,672750,CHFL,8644780,7.78,COVID19VaccDosesDelivered,vaccine,2021-09-19_16-00-00
2021-03-15,pfizer_biontech,672750,CHFL,8644780,7.78,COVID19VaccDosesDelivered,vaccine,2021-09-19_16-00-00
2021-03-16,pfizer_biontech,672750,CHFL,8644780,7.78,COVID19VaccDosesDelivered,vaccine,2021-09-19_16-00-00
2021-03-17,pfizer_biontech,710775,CHFL,8644780,8.22,COVID19VaccDosesDelivered,vaccine,2021-09-19_16-00-00
2021-03-18,pfizer_biontech,710775,CHFL,8644780,8.22,COVID19VaccDosesDelivered,vaccine,2021-09-19_16-00-00
2021-03-19,pfizer_biontech,710775,CHFL,8644780,8.22,COVID19VaccDosesDelivered,vaccine,2021-09-19_16-00-00
2021-03-20,pfizer_biontech,710775,CHFL,8644780,8.22,COVID19VaccDosesDelivered,vaccine,2021-09-19_16-00-00
2021-03-21,pfizer_biontech,722475,CHFL,8644780,8.36,COVID19VaccDosesDelivered,vaccine,2021-09-19_16-00-00
2021-03-22,pfizer_biontech,722475,CHFL,8644780,8.36,COVID19VaccDosesDelivered,vaccine,2021-09-19_16-00-00
2021-03-23,pfizer_biontech,722475,CHFL,8644780,8.36,COVID19VaccDosesDelivered,vaccine,2021-09-19_16-00-00
2021-03-24,pfizer_biontech,769275,CHFL,8644780,8.9,COVID19VaccDosesDelivered,vaccine,2021-09-19_16-00-00
2021-03-25,pfizer_biontech,769275,CHFL,8644780,8.9,COVID19VaccDosesDelivered,vaccine,2021-09-19_16-00-00
2021-03-26,pfizer_biontech,769275,CHFL,8644780,8.9,COVID19VaccDosesDelivered,vaccine,2021-09-19_16-00-00
2021-03-27,pfizer_biontech,769275,CHFL,8644780,8.9,COVID19VaccDosesDelivered,vaccine,2021-09-19_16-00-00
2021-03-28,pfizer_biontech,792675,CHFL,8644780,9.17,COVID19VaccDosesDelivered,vaccine,2021-09-19_16-00-00
2021-03-29,pfizer_biontech,792675,CHFL,8644780,9.17,COVID19VaccDosesDelivered,vaccine,2021-09-19_16-00-00
2021-03-30,pfizer_biontech,792675,CHFL,8644780,9.17,COVID19VaccDosesDelivered,vaccine,2021-09-19_16-00-00
2021-03-31,pfizer_biontech,792675,CHFL,8644780,9.17,COVID19VaccDosesDelivered,vaccine,2021-09-19_16-00-00
2021-04-01,pfizer_biontech,856050,CHFL,8644780,9.9,COVID19VaccDosesDelivered,vaccine,2021-09-19_16-00-00
2021-04-02,pfizer_biontech,856050,CHFL,8644780,9.9,COVID19VaccDosesDelivered,vaccine,2021-09-19_16-00-00
2021-04-03,pfizer_biontech,856050,CHFL,8644780,9.9,COVID19VaccDosesDelivered,vaccine,2021-09-19_16-00-00
2021-04-04,pfizer_biontech,856050,CHFL,8644780,9.9,COVID19VaccDosesDelivered,vaccine,2021-09-19_16-00-00
2021-04-05,pfizer_biontech,856050,CHFL,8644780,9.9,COVID19VaccDosesDelivered,vaccine,2021-09-19_16-00-00
2021-04-06,pfizer_biontech,856050,CHFL,8644780,9.9,COVID19VaccDosesDelivered,vaccine,2021-09-19_16-00-00
2021-04-07,pfizer_biontech,942825,CHFL,8644780,10.91,COVID19VaccDosesDelivered,vaccine,2021-09-19_16-00-00
2021-04-08,pfizer_biontech,942825,CHFL,8644780,10.91,COVID19VaccDosesDelivered,vaccine,2021-09-19_16-00-00
2021-04-09,pfizer_biontech,942825,CHFL,8644780,10.91,COVID19VaccDosesDelivered,vaccine,2021-09-19_16-00-00
2021-04-10,pfizer_biontech,942825,CHFL,8644780,10.91,COVID19VaccDosesDelivered,vaccine,2021-09-19_16-00-00
2021-04-11,pfizer_biontech,989625,CHFL,8644780,11.45,COVID19VaccDosesDelivered,vaccine,2021-09-19_16-00-00
2021-04-12,pfizer_biontech,989625,CHFL,8644780,11.45,COVID19VaccDosesDelivered,vaccine,2021-09-19_16-00-00
2021-04-13,pfizer_biontech,989625,CHFL,8644780,11.45,COVID19VaccDosesDelivered,vaccine,2021-09-19_16-00-00
2021-04-14,pfizer_biontech,1117350,CHFL,8644780,12.93,COVID19VaccDosesDelivered,vaccine,2021-09-19_16-00-00
2021-04-15,pfizer_biontech,1117350,CHFL,8644780,12.93,COVID19VaccDosesDelivered,vaccine,2021-09-19_16-00-00
2021-04-16,pfizer_biontech,1117350,CHFL,8644780,12.93,COVID19VaccDosesDelivered,vaccine,2021-09-19_16-00-00
2021-04-17,pfizer_biontech,1117350,CHFL,8644780,12.93,COVID19VaccDosesDelivered,vaccine,2021-09-19_16-00-00
2021-04-18,pfizer_biontech,1152450,CHFL,8644780,13.33,COVID19VaccDosesDelivered,vaccine,2021-09-19_16-00-00
2021-04-19,pfizer_biontech,1152450,CHFL,8644780,13.33,COVID19VaccDosesDelivered,vaccine,2021-09-19_16-00-00
2021-04-20,pfizer_biontech,1152450,CHFL,8644780,13.33,COVID19VaccDosesDelivered,vaccine,2021-09-19_16-00-00
2021-04-21,pfizer_biontech,1266525,CHFL,8644780,14.65,COVID19VaccDosesDelivered,vaccine,2021-09-19_16-00-00
2021-04-22,pfizer_biontech,1266525,CHFL,8644780,14.65,COVID19VaccDosesDelivered,vaccine,2021-09-19_16-00-00
2021-04-23,pfizer_biontech,1266525,CHFL,8644780,14.65,COVID19VaccDosesDelivered,vaccine,2021-09-19_16-00-00
2021-04-24,pfizer_biontech,1266525,CHFL,8644780,14.65,COVID19VaccDosesDelivered,vaccine,2021-09-19_16-00-00
2021-04-25,pfizer_biontech,1311375,CHFL,8644780,15.17,COVID19VaccDosesDelivered,vaccine,2021-09-19_16-00-00
2021-04-26,pfizer_biontech,1311375,CHFL,8644780,15.17,COVID19VaccDosesDelivered,vaccine,2021-09-19_16-00-00
2021-04-27,pfizer_biontech,1311375,CHFL,8644780,15.17,COVID19VaccDosesDelivered,vaccine,2021-09-19_16-00-00
2021-04-28,pfizer_biontech,1416675,CHFL,8644780,16.39,COVID19VaccDosesDelivered,vaccine,2021-09-19_16-00-00
2021-04-29,pfizer_biontech,1416675,CHFL,8644780,16.39,COVID19VaccDosesDelivered,vaccine,2021-09-19_16-00-00
2021-04-30,pfizer_biontech,1416675,CHFL,8644780,16.39,COVID19VaccDosesDelivered,vaccine,2021-09-19_16-00-00
2021-05-01,pfizer_biontech,1416675,CHFL,8644780,16.39,COVID19VaccDosesDelivered,vaccine,2021-09-19_16-00-00
2021-05-02,pfizer_biontech,1482975,CHFL,8644780,17.15,COVID19VaccDosesDelivered,vaccine,2021-09-19_16-00-00
2021-05-03,pfizer_biontech,1482975,CHFL,8644780,17.15,COVID19VaccDosesDelivered,vaccine,2021-09-19_16-00-00
2021-05-04,pfizer_biontech,1482975,CHFL,8644780,17.15,COVID19VaccDosesDelivered,vaccine,2021-09-19_16-00-00
2021-05-05,pfizer_biontech,1567800,CHFL,8644780,18.14,COVID19VaccDosesDelivered,vaccine,2021-09-19_16-00-00
2021-05-06,pfizer_biontech,1567800,CHFL,8644780,18.14,COVID19VaccDosesDelivered,vaccine,2021-09-19_16-00-00
2021-05-07,pfizer_biontech,1567800,CHFL,8644780,18.14,COVID19VaccDosesDelivered,vaccine,2021-09-19_16-00-00
2021-05-08,pfizer_biontech,1567800,CHFL,8644780,18.14,COVID19VaccDosesDelivered,vaccine,2021-09-19_16-00-00
2021-05-09,pfizer_biontech,1617525,CHFL,8644780,18.71,COVID19VaccDosesDelivered,vaccine,2021-09-19_16-00-00
2021-05-10,pfizer_biontech,1617525,CHFL,8644780,18.71,COVID19VaccDosesDelivered,vaccine,2021-09-19_16-00-00
2021-05-11,pfizer_biontech,1617525,CHFL,8644780,18.71,COVID19VaccDosesDelivered,vaccine,2021-09-19_16-00-00
2021-05-12,pfizer_biontech,1711125,CHFL,8644780,19.79,COVID19VaccDosesDelivered,vaccine,2021-09-19_16-00-00
2021-05-13,pfizer_biontech,1711125,CHFL,8644780,19.79,COVID19VaccDosesDelivered,vaccine,2021-09-19_16-00-00
2021-05-14,pfizer_biontech,1711125,CHFL,8644780,19.79,COVID19VaccDosesDelivered,vaccine,2021-09-19_16-00-00
2021-05-15,pfizer_biontech,1711125,CHFL,8644780,19.79,COVID19VaccDosesDelivered,vaccine,2021-09-19_16-00-00
2021-05-16,pfizer_biontech,1716000,CHFL,8644780,19.85,COVID19VaccDosesDelivered,vaccine,2021-09-19_16-00-00
2021-05-17,pfizer_biontech,1716000,CHFL,8644780,19.85,COVID19VaccDosesDelivered,vaccine,2021-09-19_16-00-00
2021-05-18,pfizer_biontech,1716000,CHFL,8644780,19.85,COVID19VaccDosesDelivered,vaccine,2021-09-19_16-00-00
2021-05-19,pfizer_biontech,1830075,CHFL,8644780,21.17,COVID19VaccDosesDelivered,vaccine,2021-09-19_16-00-00
2021-05-20,pfizer_biontech,1830075,CHFL,8644780,21.17,COVID19VaccDosesDelivered,vaccine,2021-09-19_16-00-00
2021-05-21,pfizer_biontech,1830075,CHFL,8644780,21.17,COVID19VaccDosesDelivered,vaccine,2021-09-19_16-00-00
2021-05-22,pfizer_biontech,1830075,CHFL,8644780,21.17,COVID19VaccDosesDelivered,vaccine,2021-09-19_16-00-00
2021-05-23,pfizer_biontech,1858350,CHFL,8644780,21.5,COVID19VaccDosesDelivered,vaccine,2021-09-19_16-00-00
2021-05-24,pfizer_biontech,1858350,CHFL,8644780,21.5,COVID19VaccDosesDelivered,vaccine,2021-09-19_16-00-00
2021-05-25,pfizer_biontech,1858350,CHFL,8644780,21.5,COVID19VaccDosesDelivered,vaccine,2021-09-19_16-00-00
2021-05-26,pfizer_biontech,1939275,CHFL,8644780,22.43,COVID19VaccDosesDelivered,vaccine,2021-09-19_16-00-00
2021-05-27,pfizer_biontech,1939275,CHFL,8644780,22.43,COVID19VaccDosesDelivered,vaccine,2021-09-19_16-00-00
2021-05-28,pfizer_biontech,1939275,CHFL,8644780,22.43,COVID19VaccDosesDelivered,vaccine,2021-09-19_16-00-00
2021-05-29,pfizer_biontech,1939275,CHFL,8644780,22.43,COVID19VaccDosesDelivered,vaccine,2021-09-19_16-00-00
2021-05-30,pfizer_biontech,1969500,CHFL,8644780,22.78,COVID19VaccDosesDelivered,vaccine,2021-09-19_16-00-00
2021-05-31,pfizer_biontech,1969500,CHFL,8644780,22.78,COVID19VaccDosesDelivered,vaccine,2021-09-19_16-00-00
2021-06-01,pfizer_biontech,1969500,CHFL,8644780,22.78,COVID19VaccDosesDelivered,vaccine,2021-09-19_16-00-00
2021-06-02,pfizer_biontech,2057250,CHFL,8644780,23.8,COVID19VaccDosesDelivered,vaccine,2021-09-19_16-00-00
2021-06-03,pfizer_biontech,2057250,CHFL,8644780,23.8,COVID19VaccDosesDelivered,vaccine,2021-09-19_16-00-00
2021-06-04,pfizer_biontech,2057250,CHFL,8644780,23.8,COVID19VaccDosesDelivered,vaccine,2021-09-19_16-00-00
2021-06-05,pfizer_biontech,2057250,CHFL,8644780,23.8,COVID19VaccDosesDelivered,vaccine,2021-09-19_16-00-00
2021-06-06,pfizer_biontech,2076750,CHFL,8644780,24.02,COVID19VaccDosesDelivered,vaccine,2021-09-19_16-00-00
2021-06-07,pfizer_biontech,2076750,CHFL,8644780,24.02,COVID19VaccDosesDelivered,vaccine,2021-09-19_16-00-00
2021-06-08,pfizer_biontech,2076750,CHFL,8644780,24.02,COVID19VaccDosesDelivered,vaccine,2021-09-19_16-00-00
2021-06-09,pfizer_biontech,2147925,CHFL,8644780,24.85,COVID19VaccDosesDelivered,vaccine,2021-09-19_16-00-00
2021-06-10,pfizer_biontech,2147925,CHFL,8644780,24.85,COVID19VaccDosesDelivered,vaccine,2021-09-19_16-00-00
2021-06-11,pfizer_biontech,2147925,CHFL,8644780,24.85,COVID19VaccDosesDelivered,vaccine,2021-09-19_16-00-00
2021-06-12,pfizer_biontech,2147925,CHFL,8644780,24.85,COVID19VaccDosesDelivered,vaccine,2021-09-19_16-00-00
2021-06-13,pfizer_biontech,2172300,CHFL,8644780,25.13,COVID19VaccDosesDelivered,vaccine,2021-09-19_16-00-00
2021-06-14,pfizer_biontech,2172300,CHFL,8644780,25.13,COVID19VaccDosesDelivered,vaccine,2021-09-19_16-00-00
2021-06-15,pfizer_biontech,2172300,CHFL,8644780,25.13,COVID19VaccDosesDelivered,vaccine,2021-09-19_16-00-00
2021-06-16,pfizer_biontech,2241525,CHFL,8644780,25.93,COVID19VaccDosesDelivered,vaccine,2021-09-19_16-00-00
2021-06-17,pfizer_biontech,2241525,CHFL,8644780,25.93,COVID19VaccDosesDelivered,vaccine,2021-09-19_16-00-00
2021-06-18,pfizer_biontech,2241525,CHFL,8644780,25.93,COVID19VaccDosesDelivered,vaccine,2021-09-19_16-00-00
2021-06-19,pfizer_biontech,2241525,CHFL,8644780,25.93,COVID19VaccDosesDelivered,vaccine,2021-09-19_16-00-00
2021-06-20,pfizer_biontech,2262000,CHFL,8644780,26.17,COVID19VaccDosesDelivered,vaccine,2021-09-19_16-00-00
2021-06-21,pfizer_biontech,2262000,CHFL,8644780,26.17,COVID19VaccDosesDelivered,vaccine,2021-09-19_16-00-00
2021-06-22,pfizer_biontech,2262000,CHFL,8644780,26.17,COVID19VaccDosesDelivered,vaccine,2021-09-19_16-00-00
2021-06-23,pfizer_biontech,2330250,CHFL,8644780,26.96,COVID19VaccDosesDelivered,vaccine,2021-09-19_16-00-00
2021-06-24,pfizer_biontech,2330250,CHFL,8644780,26.96,COVID19VaccDosesDelivered,vaccine,2021-09-19_16-00-00
2021-06-25,pfizer_biontech,2330250,CHFL,8644780,26.96,COVID19VaccDosesDelivered,vaccine,2021-09-19_16-00-00
2021-06-26,pfizer_biontech,2330250,CHFL,8644780,26.96,COVID19VaccDosesDelivered,vaccine,2021-09-19_16-00-00
2021-06-27,pfizer_biontech,2347800,CHFL,8644780,27.16,COVID19VaccDosesDelivered,vaccine,2021-09-19_16-00-00
2021-06-28,pfizer_biontech,2347800,CHFL,8644780,27.16,COVID19VaccDosesDelivered,vaccine,2021-09-19_16-00-00
2021-06-29,pfizer_biontech,2347800,CHFL,8644780,27.16,COVID19VaccDosesDelivered,vaccine,2021-09-19_16-00-00
2021-06-30,pfizer_biontech,2424825,CHFL,8644780,28.05,COVID19VaccDosesDelivered,vaccine,2021-09-19_16-00-00
2021-07-01,pfizer_biontech,2424825,CHFL,8644780,28.05,COVID19VaccDosesDelivered,vaccine,2021-09-19_16-00-00
2021-07-02,pfizer_biontech,2424825,CHFL,8644780,28.05,COVID19VaccDosesDelivered,vaccine,2021-09-19_16-00-00
2021-07-03,pfizer_biontech,2424825,CHFL,8644780,28.05,COVID19VaccDosesDelivered,vaccine,2021-09-19_16-00-00
2021-07-04,pfizer_biontech,2442375,CHFL,8644780,28.25,COVID19VaccDosesDelivered,vaccine,2021-09-19_16-00-00
2021-07-05,pfizer_biontech,2442375,CHFL,8644780,28.25,COVID19VaccDosesDelivered,vaccine,2021-09-19_16-00-00
2021-07-06,pfizer_biontech,2442375,CHFL,8644780,28.25,COVID19VaccDosesDelivered,vaccine,2021-09-19_16-00-00
2021-07-07,pfizer_biontech,2460900,CHFL,8644780,28.47,COVID19VaccDosesDelivered,vaccine,2021-09-19_16-00-00
2021-07-08,pfizer_biontech,2460900,CHFL,8644780,28.47,COVID19VaccDosesDelivered,vaccine,2021-09-19_16-00-00
2021-07-09,pfizer_biontech,2460900,CHFL,8644780,28.47,COVID19VaccDosesDelivered,vaccine,2021-09-19_16-00-00
2021-07-10,pfizer_biontech,2460900,CHFL,8644780,28.47,COVID19VaccDosesDelivered,vaccine,2021-09-19_16-00-00
2021-07-11,pfizer_biontech,2480400,CHFL,8644780,28.69,COVID19VaccDosesDelivered,vaccine,2021-09-19_16-00-00
2021-07-12,pfizer_biontech,2480400,CHFL,8644780,28.69,COVID19VaccDosesDelivered,vaccine,2021-09-19_16-00-00
2021-07-13,pfizer_biontech,2480400,CHFL,8644780,28.69,COVID19VaccDosesDelivered,vaccine,2021-09-19_16-00-00
2021-07-14,pfizer_biontech,2485275,CHFL,8644780,28.75,COVID19VaccDosesDelivered,vaccine,2021-09-19_16-00-00
2021-07-15,pfizer_biontech,2485275,CHFL,8644780,28.75,COVID19VaccDosesDelivered,vaccine,2021-09-19_16-00-00
2021-07-16,pfizer_biontech,2485275,CHFL,8644780,28.75,COVID19VaccDosesDelivered,vaccine,2021-09-19_16-00-00
2021-07-17,pfizer_biontech,2485275,CHFL,8644780,28.75,COVID19VaccDosesDelivered,vaccine,2021-09-19_16-00-00
2021-07-18,pfizer_biontech,2517450,CHFL,8644780,29.12,COVID19VaccDosesDelivered,vaccine,2021-09-19_16-00-00
2021-07-19,pfizer_biontech,2517450,CHFL,8644780,29.12,COVID19VaccDosesDelivered,vaccine,2021-09-19_16-00-00
2021-07-20,pfizer_biontech,2517450,CHFL,8644780,29.12,COVID19VaccDosesDelivered,vaccine,2021-09-19_16-00-00
2021-07-21,pfizer_biontech,2517450,CHFL,8644780,29.12,COVID19VaccDosesDelivered,vaccine,2021-09-19_16-00-00
2021-07-22,pfizer_biontech,2517450,CHFL,8644780,29.12,COVID19VaccDosesDelivered,vaccine,2021-09-19_16-00-00
2021-07-23,pfizer_biontech,2517450,CHFL,8644780,29.12,COVID19VaccDosesDelivered,vaccine,2021-09-19_16-00-00
2021-07-24,pfizer_biontech,2517450,CHFL,8644780,29.12,COVID19VaccDosesDelivered,vaccine,2021-09-19_16-00-00
2021-07-25,pfizer_biontech,2593500,CHFL,8644780,30,COVID19VaccDosesDelivered,vaccine,2021-09-19_16-00-00
2021-07-26,pfizer_biontech,2593500,CHFL,8644780,30,COVID19VaccDosesDelivered,vaccine,2021-09-19_16-00-00
2021-07-27,pfizer_biontech,2593500,CHFL,8644780,30,COVID19VaccDosesDelivered,vaccine,2021-09-19_16-00-00
2021-07-28,pfizer_biontech,2593500,CHFL,8644780,30,COVID19VaccDosesDelivered,vaccine,2021-09-19_16-00-00
2021-07-29,pfizer_biontech,2593500,CHFL,8644780,30,COVID19VaccDosesDelivered,vaccine,2021-09-19_16-00-00
2021-07-30,pfizer_biontech,2593500,CHFL,8644780,30,COVID19VaccDosesDelivered,vaccine,2021-09-19_16-00-00
2021-07-31,pfizer_biontech,2593500,CHFL,8644780,30,COVID19VaccDosesDelivered,vaccine,2021-09-19_16-00-00
2021-08-01,pfizer_biontech,2658825,CHFL,8644780,30.76,COVID19VaccDosesDelivered,vaccine,2021-09-19_16-00-00
2021-08-02,pfizer_biontech,2658825,CHFL,8644780,30.76,COVID19VaccDosesDelivered,vaccine,2021-09-19_16-00-00
2021-08-03,pfizer_biontech,2658825,CHFL,8644780,30.76,COVID19VaccDosesDelivered,vaccine,2021-09-19_16-00-00
2021-08-04,pfizer_biontech,2658825,CHFL,8644780,30.76,COVID19VaccDosesDelivered,vaccine,2021-09-19_16-00-00
2021-08-05,pfizer_biontech,2658825,CHFL,8644780,30.76,COVID19VaccDosesDelivered,vaccine,2021-09-19_16-00-00
2021-08-06,pfizer_biontech,2658825,CHFL,8644780,30.76,COVID19VaccDosesDelivered,vaccine,2021-09-19_16-00-00
2021-08-07,pfizer_biontech,2658825,CHFL,8644780,30.76,COVID19VaccDosesDelivered,vaccine,2021-09-19_16-00-00
2021-08-08,pfizer_biontech,2676375,CHFL,8644780,30.96,COVID19VaccDosesDelivered,vaccine,2021-09-19_16-00-00
2021-08-09,pfizer_biontech,2676375,CHFL,8644780,30.96,COVID19VaccDosesDelivered,vaccine,2021-09-19_16-00-00
2021-08-10,pfizer_biontech,2676375,CHFL,8644780,30.96,COVID19VaccDosesDelivered,vaccine,2021-09-19_16-00-00
2021-08-11,pfizer_biontech,2676375,CHFL,8644780,30.96,COVID19VaccDosesDelivered,vaccine,2021-09-19_16-00-00
2021-08-12,pfizer_biontech,2676375,CHFL,8644780,30.96,COVID19VaccDosesDelivered,vaccine,2021-09-19_16-00-00
2021-08-13,pfizer_biontech,2676375,CHFL,8644780,30.96,COVID19VaccDosesDelivered,vaccine,2021-09-19_16-00-00
2021-08-14,pfizer_biontech,2676375,CHFL,8644780,30.96,COVID19VaccDosesDelivered,vaccine,2021-09-19_16-00-00
2021-08-15,pfizer_biontech,2705625,CHFL,8644780,31.3,COVID19VaccDosesDelivered,vaccine,2021-09-19_16-00-00
2021-08-16,pfizer_biontech,2705625,CHFL,8644780,31.3,COVID19VaccDosesDelivered,vaccine,2021-09-19_16-00-00
2021-08-17,pfizer_biontech,2705625,CHFL,8644780,31.3,COVID19VaccDosesDelivered,vaccine,2021-09-19_16-00-00
2021-08-18,pfizer_biontech,2705625,CHFL,8644780,31.3,COVID19VaccDosesDelivered,vaccine,2021-09-19_16-00-00
2021-08-19,pfizer_biontech,2705625,CHFL,8644780,31.3,COVID19VaccDosesDelivered,vaccine,2021-09-19_16-00-00
2021-08-20,pfizer_biontech,2705625,CHFL,8644780,31.3,COVID19VaccDosesDelivered,vaccine,2021-09-19_16-00-00
2021-08-21,pfizer_biontech,2705625,CHFL,8644780,31.3,COVID19VaccDosesDelivered,vaccine,2021-09-19_16-00-00
2021-08-22,pfizer_biontech,2735850,CHFL,8644780,31.65,COVID19VaccDosesDelivered,vaccine,2021-09-19_16-00-00
2021-08-23,pfizer_biontech,2735850,CHFL,8644780,31.65,COVID19VaccDosesDelivered,vaccine,2021-09-19_16-00-00
2021-08-24,pfizer_biontech,2735850,CHFL,8644780,31.65,COVID19VaccDosesDelivered,vaccine,2021-09-19_16-00-00
2021-08-25,pfizer_biontech,2735850,CHFL,8644780,31.65,COVID19VaccDosesDelivered,vaccine,2021-09-19_16-00-00
2021-08-26,pfizer_biontech,2735850,CHFL,8644780,31.65,COVID19VaccDosesDelivered,vaccine,2021-09-19_16-00-00
2021-08-27,pfizer_biontech,2735850,CHFL,8644780,31.65,COVID19VaccDosesDelivered,vaccine,2021-09-19_16-00-00
2021-08-28,pfizer_biontech,2735850,CHFL,8644780,31.65,COVID19VaccDosesDelivered,vaccine,2021-09-19_16-00-00
2021-08-29,pfizer_biontech,2769000,CHFL,8644780,32.03,COVID19VaccDosesDelivered,vaccine,2021-09-19_16-00-00
2021-08-30,pfizer_biontech,2769000,CHFL,8644780,32.03,COVID19VaccDosesDelivered,vaccine,2021-09-19_16-00-00
2021-08-31,pfizer_biontech,2769000,CHFL,8644780,32.03,COVID19VaccDosesDelivered,vaccine,2021-09-19_16-00-00
2021-09-01,pfizer_biontech,2769000,CHFL,8644780,32.03,COVID19VaccDosesDelivered,vaccine,2021-09-19_16-00-00
2021-09-02,pfizer_biontech,2769000,CHFL,8644780,32.03,COVID19VaccDosesDelivered,vaccine,2021-09-19_16-00-00
2021-09-03,pfizer_biontech,2769000,CHFL,8644780,32.03,COVID19VaccDosesDelivered,vaccine,2021-09-19_16-00-00
2021-09-04,pfizer_biontech,2769000,CHFL,8644780,32.03,COVID19VaccDosesDelivered,vaccine,2021-09-19_16-00-00
2021-09-05,pfizer_biontech,2860650,CHFL,8644780,33.09,COVID19VaccDosesDelivered,vaccine,2021-09-19_16-00-00
2021-09-06,pfizer_biontech,2860650,CHFL,8644780,33.09,COVID19VaccDosesDelivered,vaccine,2021-09-19_16-00-00
2021-09-07,pfizer_biontech,2860650,CHFL,8644780,33.09,COVID19VaccDosesDelivered,vaccine,2021-09-19_16-00-00
2021-09-08,pfizer_biontech,2860650,CHFL,8644780,33.09,COVID19VaccDosesDelivered,vaccine,2021-09-19_16-00-00
2021-09-09,pfizer_biontech,2860650,CHFL,8644780,33.09,COVID19VaccDosesDelivered,vaccine,2021-09-19_16-00-00
2021-09-10,pfizer_biontech,2860650,CHFL,8644780,33.09,COVID19VaccDosesDelivered,vaccine,2021-09-19_16-00-00
2021-09-11,pfizer_biontech,2860650,CHFL,8644780,33.09,COVID19VaccDosesDelivered,vaccine,2021-09-19_16-00-00
2021-09-12,pfizer_biontech,2911350,CHFL,8644780,33.68,COVID19VaccDosesDelivered,vaccine,2021-09-19_16-00-00
2021-09-13,pfizer_biontech,2911350,CHFL,8644780,33.68,COVID19VaccDosesDelivered,vaccine,2021-09-19_16-00-00
2021-09-14,pfizer_biontech,2911350,CHFL,8644780,33.68,COVID19VaccDosesDelivered,vaccine,2021-09-19_16-00-00
2021-09-15,pfizer_biontech,2911350,CHFL,8644780,33.68,COVID19VaccDosesDelivered,vaccine,2021-09-19_16-00-00
2021-09-16,pfizer_biontech,2911350,CHFL,8644780,33.68,COVID19VaccDosesDelivered,vaccine,2021-09-19_16-00-00
2021-09-17,pfizer_biontech,2911350,CHFL,8644780,33.68,COVID19VaccDosesDelivered,vaccine,2021-09-19_16-00-00
2021-09-18,pfizer_biontech,2911350,CHFL,8644780,33.68,COVID19VaccDosesDelivered,vaccine,2021-09-19_16-00-00
2021-09-19,pfizer_biontech,3010800,CHFL,8644780,34.83,COVID19VaccDosesDelivered,vaccine,2021-09-19_16-00-00
2021-02-03,moderna,200000,CHFL,8644780,2.31,COVID19VaccDosesReceived,vaccine,2021-09-19_16-00-00
2021-02-04,moderna,200000,CHFL,8644780,2.31,COVID19VaccDosesReceived,vaccine,2021-09-19_16-00-00
2021-02-05,moderna,200000,CHFL,8644780,2.31,COVID19VaccDosesReceived,vaccine,2021-09-19_16-00-00
2021-02-06,moderna,200000,CHFL,8644780,2.31,COVID19VaccDosesReceived,vaccine,2021-09-19_16-00-00
2021-02-07,moderna,440400,CHFL,8644780,5.09,COVID19VaccDosesReceived,vaccine,2021-09-19_16-00-00
2021-02-08,moderna,440400,CHFL,8644780,5.09,COVID19VaccDosesReceived,vaccine,2021-09-19_16-00-00
2021-02-09,moderna,440400,CHFL,8644780,5.09,COVID19VaccDosesReceived,vaccine,2021-09-19_16-00-00
2021-02-10,moderna,440400,CHFL,8644780,5.09,COVID19VaccDosesReceived,vaccine,2021-09-19_16-00-00
2021-02-11,moderna,440400,CHFL,8644780,5.09,COVID19VaccDosesReceived,vaccine,2021-09-19_16-00-00
2021-02-12,moderna,440400,CHFL,8644780,5.09,COVID19VaccDosesReceived,vaccine,2021-09-19_16-00-00
2021-02-13,moderna,440400,CHFL,8644780,5.09,COVID19VaccDosesReceived,vaccine,2021-09-19_16-00-00
2021-02-14,moderna,440400,CHFL,8644780,5.09,COVID19VaccDosesReceived,vaccine,2021-09-19_16-00-00
2021-02-15,moderna,440400,CHFL,8644780,5.09,COVID19VaccDosesReceived,vaccine,2021-09-19_16-00-00
2021-02-16,moderna,440400,CHFL,8644780,5.09,COVID19VaccDosesReceived,vaccine,2021-09-19_16-00-00
2021-02-17,moderna,440400,CHFL,8644780,5.09,COVID19VaccDosesReceived,vaccine,2021-09-19_16-00-00
2021-02-18,moderna,440400,CHFL,8644780,5.09,COVID19VaccDosesReceived,vaccine,2021-09-19_16-00-00
2021-02-19,moderna,440400,CHFL,8644780,5.09,COVID19VaccDosesReceived,vaccine,2021-09-19_16-00-00
2021-02-20,moderna,440400,CHFL,8644780,5.09,COVID19VaccDosesReceived,vaccine,2021-09-19_16-00-00
2021-02-21,moderna,440400,CHFL,8644780,5.09,COVID19VaccDosesReceived,vaccine,2021-09-19_16-00-00
2021-02-22,moderna,440400,CHFL,8644780,5.09,COVID19VaccDosesReceived,vaccine,2021-09-19_16-00-00
2021-02-23,moderna,440400,CHFL,8644780,5.09,COVID19VaccDosesReceived,vaccine,2021-09-19_16-00-00
2021-02-24,moderna,440400,CHFL,8644780,5.09,COVID19VaccDosesReceived,vaccine,2021-09-19_16-00-00
2021-02-25,moderna,440400,CHFL,8644780,5.09,COVID19VaccDosesReceived,vaccine,2021-09-19_16-00-00
2021-02-26,moderna,440400,CHFL,8644780,5.09,COVID19VaccDosesReceived,vaccine,2021-09-19_16-00-00
2021-02-27,moderna,440400,CHFL,8644780,5.09,COVID19VaccDosesReceived,vaccine,2021-09-19_16-00-00
2021-02-28,moderna,628800,CHFL,8644780,7.27,COVID19VaccDosesReceived,vaccine,2021-09-19_16-00-00
2021-03-01,moderna,628800,CHFL,8644780,7.27,COVID19VaccDosesReceived,vaccine,2021-09-19_16-00-00
2021-03-02,moderna,628800,CHFL,8644780,7.27,COVID19VaccDosesReceived,vaccine,2021-09-19_16-00-00
2021-03-03,moderna,628800,CHFL,8644780,7.27,COVID19VaccDosesReceived,vaccine,2021-09-19_16-00-00
2021-03-04,moderna,628800,CHFL,8644780,7.27,COVID19VaccDosesReceived,vaccine,2021-09-19_16-00-00
2021-03-05,moderna,628800,CHFL,8644780,7.27,COVID19VaccDosesReceived,vaccine,2021-09-19_16-00-00
2021-03-06,moderna,628800,CHFL,8644780,7.27,COVID19VaccDosesReceived,vaccine,2021-09-19_16-00-00
2021-03-07,moderna,628800,CHFL,8644780,7.27,COVID19VaccDosesReceived,vaccine,2021-09-19_16-00-00
2021-03-08,moderna,628800,CHFL,8644780,7.27,COVID19VaccDosesReceived,vaccine,2021-09-19_16-00-00
2021-03-09,moderna,628800,CHFL,8644780,7.27,COVID19VaccDosesReceived,vaccine,2021-09-19_16-00-00
2021-03-10,moderna,628800,CHFL,8644780,7.27,COVID19VaccDosesReceived,vaccine,2021-09-19_16-00-00
2021-03-11,moderna,628800,CHFL,8644780,7.27,COVID19VaccDosesReceived,vaccine,2021-09-19_16-00-00
2021-03-12,moderna,628800,CHFL,8644780,7.27,COVID19VaccDosesReceived,vaccine,2021-09-19_16-00-00
2021-03-13,moderna,628800,CHFL,8644780,7.27,COVID19VaccDosesReceived,vaccine,2021-09-19_16-00-00
2021-03-14,moderna,628800,CHFL,8644780,7.27,COVID19VaccDosesReceived,vaccine,2021-09-19_16-00-00
2021-03-15,moderna,628800,CHFL,8644780,7.27,COVID19VaccDosesReceived,vaccine,2021-09-19_16-00-00
2021-03-16,moderna,628800,CHFL,8644780,7.27,COVID19VaccDosesReceived,vaccine,2021-09-19_16-00-00
2021-03-17,moderna,628800,CHFL,8644780,7.27,COVID19VaccDosesReceived,vaccine,2021-09-19_16-00-00
2021-03-18,moderna,628800,CHFL,8644780,7.27,COVID19VaccDosesReceived,vaccine,2021-09-19_16-00-00
2021-03-19,moderna,628800,CHFL,8644780,7.27,COVID19VaccDosesReceived,vaccine,2021-09-19_16-00-00
2021-03-20,moderna,628800,CHFL,8644780,7.27,COVID19VaccDosesReceived,vaccine,2021-09-19_16-00-00
2021-03-21,moderna,984000,CHFL,8644780,11.38,COVID19VaccDosesReceived,vaccine,2021-09-19_16-00-00
2021-03-22,moderna,984000,CHFL,8644780,11.38,COVID19VaccDosesReceived,vaccine,2021-09-19_16-00-00
2021-03-23,moderna,984000,CHFL,8644780,11.38,COVID19VaccDosesReceived,vaccine,2021-09-19_16-00-00
2021-03-24,moderna,984000,CHFL,8644780,11.38,COVID19VaccDosesReceived,vaccine,2021-09-19_16-00-00
2021-03-25,moderna,984000,CHFL,8644780,11.38,COVID19VaccDosesReceived,vaccine,2021-09-19_16-00-00
2021-03-26,moderna,984000,CHFL,8644780,11.38,COVID19VaccDosesReceived,vaccine,2021-09-19_16-00-00
2021-03-27,moderna,984000,CHFL,8644780,11.38,COVID19VaccDosesReceived,vaccine,2021-09-19_16-00-00
2021-03-28,moderna,984000,CHFL,8644780,11.38,COVID19VaccDosesReceived,vaccine,2021-09-19_16-00-00
2021-03-29,moderna,984000,CHFL,8644780,11.38,COVID19VaccDosesReceived,vaccine,2021-09-19_16-00-00
2021-03-30,moderna,984000,CHFL,8644780,11.38,COVID19VaccDosesReceived,vaccine,2021-09-19_16-00-00
2021-03-31,moderna,984000,CHFL,8644780,11.38,COVID19VaccDosesReceived,vaccine,2021-09-19_16-00-00
2021-04-01,moderna,1350000,CHFL,8644780,15.62,COVID19VaccDosesReceived,vaccine,2021-09-19_16-00-00
2021-04-02,moderna,1350000,CHFL,8644780,15.62,COVID19VaccDosesReceived,vaccine,2021-09-19_16-00-00
2021-04-03,moderna,1350000,CHFL,8644780,15.62,COVID19VaccDosesReceived,vaccine,2021-09-19_16-00-00
2021-04-04,moderna,1350000,CHFL,8644780,15.62,COVID19VaccDosesReceived,vaccine,2021-09-19_16-00-00
2021-04-05,moderna,1350000,CHFL,8644780,15.62,COVID19VaccDosesReceived,vaccine,2021-09-19_16-00-00
2021-04-06,moderna,1350000,CHFL,8644780,15.62,COVID19VaccDosesReceived,vaccine,2021-09-19_16-00-00
2021-04-07,moderna,1350000,CHFL,8644780,15.62,COVID19VaccDosesReceived,vaccine,2021-09-19_16-00-00
2021-04-08,moderna,1350000,CHFL,8644780,15.62,COVID19VaccDosesReceived,vaccine,2021-09-19_16-00-00
2021-04-09,moderna,1350000,CHFL,8644780,15.62,COVID19VaccDosesReceived,vaccine,2021-09-19_16-00-00
2021-04-10,moderna,1350000,CHFL,8644780,15.62,COVID19VaccDosesReceived,vaccine,2021-09-19_16-00-00
2021-04-11,moderna,1350000,CHFL,8644780,15.62,COVID19VaccDosesReceived,vaccine,2021-09-19_16-00-00
2021-04-12,moderna,1350000,CHFL,8644780,15.62,COVID19VaccDosesReceived,vaccine,2021-09-19_16-00-00
2021-04-13,moderna,1350000,CHFL,8644780,15.62,COVID19VaccDosesReceived,vaccine,2021-09-19_16-00-00
2021-04-14,moderna,1350000,CHFL,8644780,15.62,COVID19VaccDosesReceived,vaccine,2021-09-19_16-00-00
2021-04-15,moderna,1350000,CHFL,8644780,15.62,COVID19VaccDosesReceived,vaccine,2021-09-19_16-00-00
2021-04-16,moderna,1350000,CHFL,8644780,15.62,COVID19VaccDosesReceived,vaccine,2021-09-19_16-00-00
2021-04-17,moderna,1350000,CHFL,8644780,15.62,COVID19VaccDosesReceived,vaccine,2021-09-19_16-00-00
2021-04-18,moderna,1420800,CHFL,8644780,16.44,COVID19VaccDosesReceived,vaccine,2021-09-19_16-00-00
2021-04-19,moderna,1420800,CHFL,8644780,16.44,COVID19VaccDosesReceived,vaccine,2021-09-19_16-00-00
2021-04-20,moderna,1420800,CHFL,8644780,16.44,COVID19VaccDosesReceived,vaccine,2021-09-19_16-00-00
2021-04-21,moderna,1420800,CHFL,8644780,16.44,COVID19VaccDosesReceived,vaccine,2021-09-19_16-00-00
2021-04-22,moderna,1420800,CHFL,8644780,16.44,COVID19VaccDosesReceived,vaccine,2021-09-19_16-00-00
2021-04-23,moderna,1420800,CHFL,8644780,16.44,COVID19VaccDosesReceived,vaccine,2021-09-19_16-00-00
2021-04-24,moderna,1420800,CHFL,8644780,16.44,COVID19VaccDosesReceived,vaccine,2021-09-19_16-00-00
2021-04-25,moderna,1701600,CHFL,8644780,19.68,COVID19VaccDosesReceived,vaccine,2021-09-19_16-00-00
2021-04-26,moderna,1701600,CHFL,8644780,19.68,COVID19VaccDosesReceived,vaccine,2021-09-19_16-00-00
2021-04-27,moderna,1701600,CHFL,8644780,19.68,COVID19VaccDosesReceived,vaccine,2021-09-19_16-00-00
2021-04-28,moderna,1701600,CHFL,8644780,19.68,COVID19VaccDosesReceived,vaccine,2021-09-19_16-00-00
2021-04-29,moderna,1701600,CHFL,8644780,19.68,COVID19VaccDosesReceived,vaccine,2021-09-19_16-00-00
2021-04-30,moderna,1701600,CHFL,8644780,19.68,COVID19VaccDosesReceived,vaccine,2021-09-19_16-00-00
2021-05-01,moderna,1701600,CHFL,8644780,19.68,COVID19VaccDosesReceived,vaccine,2021-09-19_16-00-00
2021-05-02,moderna,2202000,CHFL,8644780,25.47,COVID19VaccDosesReceived,vaccine,2021-09-19_16-00-00
2021-05-03,moderna,2202000,CHFL,8644780,25.47,COVID19VaccDosesReceived,vaccine,2021-09-19_16-00-00
2021-05-04,moderna,2202000,CHFL,8644780,25.47,COVID19VaccDosesReceived,vaccine,2021-09-19_16-00-00
2021-05-05,moderna,2202000,CHFL,8644780,25.47,COVID19VaccDosesReceived,vaccine,2021-09-19_16-00-00
2021-05-06,moderna,2202000,CHFL,8644780,25.47,COVID19VaccDosesReceived,vaccine,2021-09-19_16-00-00
2021-05-07,moderna,2202000,CHFL,8644780,25.47,COVID19VaccDosesReceived,vaccine,2021-09-19_16-00-00
2021-05-08,moderna,2202000,CHFL,8644780,25.47,COVID19VaccDosesReceived,vaccine,2021-09-19_16-00-00
2021-05-09,moderna,2202000,CHFL,8644780,25.47,COVID19VaccDosesReceived,vaccine,2021-09-19_16-00-00
2021-05-10,moderna,2202000,CHFL,8644780,25.47,COVID19VaccDosesReceived,vaccine,2021-09-19_16-00-00
2021-05-11,moderna,2202000,CHFL,8644780,25.47,COVID19VaccDosesReceived,vaccine,2021-09-19_16-00-00
2021-05-12,moderna,2202000,CHFL,8644780,25.47,COVID19VaccDosesReceived,vaccine,2021-09-19_16-00-00
2021-05-13,moderna,2202000,CHFL,8644780,25.47,COVID19VaccDosesReceived,vaccine,2021-09-19_16-00-00
2021-05-14,moderna,2202000,CHFL,8644780,25.47,COVID19VaccDosesReceived,vaccine,2021-09-19_16-00-00
2021-05-15,moderna,2202000,CHFL,8644780,25.47,COVID19VaccDosesReceived,vaccine,2021-09-19_16-00-00
2021-05-16,moderna,2958000,CHFL,8644780,34.22,COVID19VaccDosesReceived,vaccine,2021-09-19_16-00-00
2021-05-17,moderna,2958000,CHFL,8644780,34.22,COVID19VaccDosesReceived,vaccine,2021-09-19_16-00-00
2021-05-18,moderna,2958000,CHFL,8644780,34.22,COVID19VaccDosesReceived,vaccine,2021-09-19_16-00-00
2021-05-19,moderna,2958000,CHFL,8644780,34.22,COVID19VaccDosesReceived,vaccine,2021-09-19_16-00-00
2021-05-20,moderna,2958000,CHFL,8644780,34.22,COVID19VaccDosesReceived,vaccine,2021-09-19_16-00-00
2021-05-21,moderna,2958000,CHFL,8644780,34.22,COVID19VaccDosesReceived,vaccine,2021-09-19_16-00-00
2021-05-22,moderna,2958000,CHFL,8644780,34.22,COVID19VaccDosesReceived,vaccine,2021-09-19_16-00-00
2021-05-23,moderna,2958000,CHFL,8644780,34.22,COVID19VaccDosesReceived,vaccine,2021-09-19_16-00-00
2021-05-24,moderna,2958000,CHFL,8644780,34.22,COVID19VaccDosesReceived,vaccine,2021-09-19_16-00-00
2021-05-25,moderna,2958000,CHFL,8644780,34.22,COVID19VaccDosesReceived,vaccine,2021-09-19_16-00-00
2021-05-26,moderna,2958000,CHFL,8644780,34.22,COVID19VaccDosesReceived,vaccine,2021-09-19_16-00-00
2021-05-27,moderna,2958000,CHFL,8644780,34.22,COVID19VaccDosesReceived,vaccine,2021-09-19_16-00-00
2021-05-28,moderna,2958000,CHFL,8644780,34.22,COVID19VaccDosesReceived,vaccine,2021-09-19_16-00-00
2021-05-29,moderna,2958000,CHFL,8644780,34.22,COVID19VaccDosesReceived,vaccine,2021-09-19_16-00-00
2021-05-30,moderna,3978000,CHFL,8644780,46.02,COVID19VaccDosesReceived,vaccine,2021-09-19_16-00-00
2021-05-31,moderna,3978000,CHFL,8644780,46.02,COVID19VaccDosesReceived,vaccine,2021-09-19_16-00-00
2021-06-01,moderna,3978000,CHFL,8644780,46.02,COVID19VaccDosesReceived,vaccine,2021-09-19_16-00-00
2021-06-02,moderna,3978000,CHFL,8644780,46.02,COVID19VaccDosesReceived,vaccine,2021-09-19_16-00-00
2021-06-03,moderna,3978000,CHFL,8644780,46.02,COVID19VaccDosesReceived,vaccine,2021-09-19_16-00-00
2021-06-04,moderna,3978000,CHFL,8644780,46.02,COVID19VaccDosesReceived,vaccine,2021-09-19_16-00-00
2021-06-05,moderna,3978000,CHFL,8644780,46.02,COVID19VaccDosesReceived,vaccine,2021-09-19_16-00-00
2021-06-06,moderna,3978000,CHFL,8644780,46.02,COVID19VaccDosesReceived,vaccine,2021-09-19_16-00-00
2021-06-07,moderna,3978000,CHFL,8644780,46.02,COVID19VaccDosesReceived,vaccine,2021-09-19_16-00-00
2021-06-08,moderna,3978000,CHFL,8644780,46.02,COVID19VaccDosesReceived,vaccine,2021-09-19_16-00-00
2021-06-09,moderna,3978000,CHFL,8644780,46.02,COVID19VaccDosesReceived,vaccine,2021-09-19_16-00-00
2021-06-10,moderna,3978000,CHFL,8644780,46.02,COVID19VaccDosesReceived,vaccine,2021-09-19_16-00-00
2021-06-11,moderna,3978000,CHFL,8644780,46.02,COVID19VaccDosesReceived,vaccine,2021-09-19_16-00-00
2021-06-12,moderna,3978000,CHFL,8644780,46.02,COVID19VaccDosesReceived,vaccine,2021-09-19_16-00-00
2021-06-13,moderna,4483200,CHFL,8644780,51.86,COVID19VaccDosesReceived,vaccine,2021-09-19_16-00-00
2021-06-14,moderna,4483200,CHFL,8644780,51.86,COVID19VaccDosesReceived,vaccine,2021-09-19_16-00-00
2021-06-15,moderna,4483200,CHFL,8644780,51.86,COVID19VaccDosesReceived,vaccine,2021-09-19_16-00-00
2021-06-16,moderna,4483200,CHFL,8644780,51.86,COVID19VaccDosesReceived,vaccine,2021-09-19_16-00-00
2021-06-17,moderna,4483200,CHFL,8644780,51.86,COVID19VaccDosesReceived,vaccine,2021-09-19_16-00-00
2021-06-18,moderna,4483200,CHFL,8644780,51.86,COVID19VaccDosesReceived,vaccine,2021-09-19_16-00-00
2021-06-19,moderna,4483200,CHFL,8644780,51.86,COVID19VaccDosesReceived,vaccine,2021-09-19_16-00-00
2021-06-20,moderna,4998000,CHFL,8644780,57.82,COVID19VaccDosesReceived,vaccine,2021-09-19_16-00-00
2021-06-21,moderna,4998000,CHFL,8644780,57.82,COVID19VaccDosesReceived,vaccine,2021-09-19_16-00-00
2021-06-22,moderna,4998000,CHFL,8644780,57.82,COVID19VaccDosesReceived,vaccine,2021-09-19_16-00-00
2021-06-23,moderna,4998000,CHFL,8644780,57.82,COVID19VaccDosesReceived,vaccine,2021-09-19_16-00-00
2021-06-24,moderna,4998000,CHFL,8644780,57.82,COVID19VaccDosesReceived,vaccine,2021-09-19_16-00-00
2021-06-25,moderna,4998000,CHFL,8644780,57.82,COVID19VaccDosesReceived,vaccine,2021-09-19_16-00-00
2021-06-26,moderna,4998000,CHFL,8644780,57.82,COVID19VaccDosesReceived,vaccine,2021-09-19_16-00-00
2021-06-27,moderna,5699400,CHFL,8644780,65.93,COVID19VaccDosesReceived,vaccine,2021-09-19_16-00-00
2021-06-28,moderna,5699400,CHFL,8644780,65.93,COVID19VaccDosesReceived,vaccine,2021-09-19_16-00-00
2021-06-29,moderna,5699400,CHFL,8644780,65.93,COVID19VaccDosesReceived,vaccine,2021-09-19_16-00-00
2021-06-30,moderna,6400800,CHFL,8644780,74.04,COVID19VaccDosesReceived,vaccine,2021-09-19_16-00-00
2021-07-01,moderna,6400800,CHFL,8644780,74.04,COVID19VaccDosesReceived,vaccine,2021-09-19_16-00-00
2021-07-02,moderna,6400800,CHFL,8644780,74.04,COVID19VaccDosesReceived,vaccine,2021-09-19_16-00-00
2021-07-03,moderna,6400800,CHFL,8644780,74.04,COVID19VaccDosesReceived,vaccine,2021-09-19_16-00-00
2021-07-04,moderna,6400800,CHFL,8644780,74.04,COVID19VaccDosesReceived,vaccine,2021-09-19_16-00-00
2021-07-05,moderna,6400800,CHFL,8644780,74.04,COVID19VaccDosesReceived,vaccine,2021-09-19_16-00-00
2021-07-06,moderna,6400800,CHFL,8644780,74.04,COVID19VaccDosesReceived,vaccine,2021-09-19_16-00-00
2021-07-07,moderna,6651000,CHFL,8644780,76.94,COVID19VaccDosesReceived,vaccine,2021-09-19_16-00-00
2021-07-08,moderna,6651000,CHFL,8644780,76.94,COVID19VaccDosesReceived,vaccine,2021-09-19_16-00-00
2021-07-09,moderna,6651000,CHFL,8644780,76.94,COVID19VaccDosesReceived,vaccine,2021-09-19_16-00-00
2021-07-10,moderna,6651000,CHFL,8644780,76.94,COVID19VaccDosesReceived,vaccine,2021-09-19_16-00-00
2021-07-11,moderna,6651000,CHFL,8644780,76.94,COVID19VaccDosesReceived,vaccine,2021-09-19_16-00-00
2021-07-12,moderna,6651000,CHFL,8644780,76.94,COVID19VaccDosesReceived,vaccine,2021-09-19_16-00-00
2021-07-13,moderna,6651000,CHFL,8644780,76.94,COVID19VaccDosesReceived,vaccine,2021-09-19_16-00-00
2021-07-14,moderna,6651000,CHFL,8644780,76.94,COVID19VaccDosesReceived,vaccine,2021-09-19_16-00-00
2021-07-15,moderna,6651000,CHFL,8644780,76.94,COVID19VaccDosesReceived,vaccine,2021-09-19_16-00-00
2021-07-16,moderna,6651000,CHFL,8644780,76.94,COVID19VaccDosesReceived,vaccine,2021-09-19_16-00-00
2021-07-17,moderna,6651000,CHFL,8644780,76.94,COVID19VaccDosesReceived,vaccine,2021-09-19_16-00-00
2021-07-18,moderna,6901200,CHFL,8644780,79.83,COVID19VaccDosesReceived,vaccine,2021-09-19_16-00-00
2021-07-19,moderna,6901200,CHFL,8644780,79.83,COVID19VaccDosesReceived,vaccine,2021-09-19_16-00-00
2021-07-20,moderna,6901200,CHFL,8644780,79.83,COVID19VaccDosesReceived,vaccine,2021-09-19_16-00-00
2021-07-21,moderna,6901200,CHFL,8644780,79.83,COVID19VaccDosesReceived,vaccine,2021-09-19_16-00-00
2021-07-22,moderna,6901200,CHFL,8644780,79.83,COVID19VaccDosesReceived,vaccine,2021-09-19_16-00-00
2021-07-23,moderna,6901200,CHFL,8644780,79.83,COVID19VaccDosesReceived,vaccine,2021-09-19_16-00-00
2021-07-24,moderna,6901200,CHFL,8644780,79.83,COVID19VaccDosesReceived,vaccine,2021-09-19_16-00-00
2021-07-25,moderna,6901200,CHFL,8644780,79.83,COVID19VaccDosesReceived,vaccine,2021-09-19_16-00-00
2021-07-26,moderna,6901200,CHFL,8644780,79.83,COVID19VaccDosesReceived,vaccine,2021-09-19_16-00-00
2021-07-27,moderna,6901200,CHFL,8644780,79.83,COVID19VaccDosesReceived,vaccine,2021-09-19_16-00-00
2021-07-28,moderna,7151400,CHFL,8644780,82.73,COVID19VaccDosesReceived,vaccine,2021-09-19_16-00-00
2021-07-29,moderna,7151400,CHFL,8644780,82.73,COVID19VaccDosesReceived,vaccine,2021-09-19_16-00-00
2021-07-30,moderna,7151400,CHFL,8644780,82.73,COVID19VaccDosesReceived,vaccine,2021-09-19_16-00-00
2021-07-31,moderna,7151400,CHFL,8644780,82.73,COVID19VaccDosesReceived,vaccine,2021-09-19_16-00-00
2021-08-01,moderna,7401600,CHFL,8644780,85.62,COVID19VaccDosesReceived,vaccine,2021-09-19_16-00-00
2021-08-02,moderna,7401600,CHFL,8644780,85.62,COVID19VaccDosesReceived,vaccine,2021-09-19_16-00-00
2021-08-03,moderna,7401600,CHFL,8644780,85.62,COVID19VaccDosesReceived,vaccine,2021-09-19_16-00-00
2021-08-04,moderna,7401600,CHFL,8644780,85.62,COVID19VaccDosesReceived,vaccine,2021-09-19_16-00-00
2021-08-05,moderna,7401600,CHFL,8644780,85.62,COVID19VaccDosesReceived,vaccine,2021-09-19_16-00-00
2021-08-06,moderna,7401600,CHFL,8644780,85.62,COVID19VaccDosesReceived,vaccine,2021-09-19_16-00-00
2021-08-07,moderna,7401600,CHFL,8644780,85.62,COVID19VaccDosesReceived,vaccine,2021-09-19_16-00-00
2021-08-08,moderna,7401600,CHFL,8644780,85.62,COVID19VaccDosesReceived,vaccine,2021-09-19_16-00-00
2021-08-09,moderna,7401600,CHFL,8644780,85.62,COVID19VaccDosesReceived,vaccine,2021-09-19_16-00-00
2021-08-10,moderna,7401600,CHFL,8644780,85.62,COVID19VaccDosesReceived,vaccine,2021-09-19_16-00-00
2021-08-11,moderna,7401600,CHFL,8644780,85.62,COVID19VaccDosesReceived,vaccine,2021-09-19_16-00-00
2021-08-12,moderna,7401600,CHFL,8644780,85.62,COVID19VaccDosesReceived,vaccine,2021-09-19_16-00-00
2021-08-13,moderna,7401600,CHFL,8644780,85.62,COVID19VaccDosesReceived,vaccine,2021-09-19_16-00-00
2021-08-14,moderna,7401600,CHFL,8644780,85.62,COVID19VaccDosesReceived,vaccine,2021-09-19_16-00-00
2021-08-15,moderna,7652400,CHFL,8644780,88.52,COVID19VaccDosesReceived,vaccine,2021-09-19_16-00-00
2021-08-16,moderna,7652400,CHFL,8644780,88.52,COVID19VaccDosesReceived,vaccine,2021-09-19_16-00-00
2021-08-17,moderna,7652400,CHFL,8644780,88.52,COVID19VaccDosesReceived,vaccine,2021-09-19_16-00-00
2021-08-18,moderna,7652400,CHFL,8644780,88.52,COVID19VaccDosesReceived,vaccine,2021-09-19_16-00-00
2021-08-19,moderna,7652400,CHFL,8644780,88.52,COVID19VaccDosesReceived,vaccine,2021-09-19_16-00-00
2021-08-20,moderna,7652400,CHFL,8644780,88.52,COVID19VaccDosesReceived,vaccine,2021-09-19_16-00-00
2021-08-21,moderna,7652400,CHFL,8644780,88.52,COVID19VaccDosesReceived,vaccine,2021-09-19_16-00-00
2021-08-22,moderna,7652400,CHFL,8644780,88.52,COVID19VaccDosesReceived,vaccine,2021-09-19_16-00-00
2021-08-23,moderna,7652400,CHFL,8644780,88.52,COVID19VaccDosesReceived,vaccine,2021-09-19_16-00-00
2021-08-24,moderna,7652400,CHFL,8644780,88.52,COVID19VaccDosesReceived,vaccine,2021-09-19_16-00-00
2021-08-25,moderna,7652400,CHFL,8644780,88.52,COVID19VaccDosesReceived,vaccine,2021-09-19_16-00-00
2021-08-26,moderna,7652400,CHFL,8644780,88.52,COVID19VaccDosesReceived,vaccine,2021-09-19_16-00-00
2021-08-27,moderna,7652400,CHFL,8644780,88.52,COVID19VaccDosesReceived,vaccine,2021-09-19_16-00-00
2021-08-28,moderna,7652400,CHFL,8644780,88.52,COVID19VaccDosesReceived,vaccine,2021-09-19_16-00-00
2021-08-29,moderna,7903200,CHFL,8644780,91.42,COVID19VaccDosesReceived,vaccine,2021-09-19_16-00-00
2021-08-30,moderna,7903200,CHFL,8644780,91.42,COVID19VaccDosesReceived,vaccine,2021-09-19_16-00-00
2021-08-31,moderna,7903200,CHFL,8644780,91.42,COVID19VaccDosesReceived,vaccine,2021-09-19_16-00-00
2021-09-01,moderna,7903200,CHFL,8644780,91.42,COVID19VaccDosesReceived,vaccine,2021-09-19_16-00-00
2021-09-02,moderna,7903200,CHFL,8644780,91.42,COVID19VaccDosesReceived,vaccine,2021-09-19_16-00-00
2021-09-03,moderna,7903200,CHFL,8644780,91.42,COVID19VaccDosesReceived,vaccine,2021-09-19_16-00-00
2021-09-04,moderna,7903200,CHFL,8644780,91.42,COVID19VaccDosesReceived,vaccine,2021-09-19_16-00-00
2021-09-05,moderna,7903200,CHFL,8644780,91.42,COVID19VaccDosesReceived,vaccine,2021-09-19_16-00-00
2021-09-06,moderna,7903200,CHFL,8644780,91.42,COVID19VaccDosesReceived,vaccine,2021-09-19_16-00-00
2021-09-07,moderna,7903200,CHFL,8644780,91.42,COVID19VaccDosesReceived,vaccine,2021-09-19_16-00-00
2021-09-08,moderna,7903200,CHFL,8644780,91.42,COVID19VaccDosesReceived,vaccine,2021-09-19_16-00-00
2021-09-09,moderna,7903200,CHFL,8644780,91.42,COVID19VaccDosesReceived,vaccine,2021-09-19_16-00-00
2021-09-10,moderna,7903200,CHFL,8644780,91.42,COVID19VaccDosesReceived,vaccine,2021-09-19_16-00-00
2021-09-11,moderna,7903200,CHFL,8644780,91.42,COVID19VaccDosesReceived,vaccine,2021-09-19_16-00-00
2021-09-12,moderna,8154000,CHFL,8644780,94.32,COVID19VaccDosesReceived,vaccine,2021-09-19_16-00-00
2021-09-13,moderna,8154000,CHFL,8644780,94.32,COVID19VaccDosesReceived,vaccine,2021-09-19_16-00-00
2021-09-14,moderna,8154000,CHFL,8644780,94.32,COVID19VaccDosesReceived,vaccine,2021-09-19_16-00-00
2021-09-15,moderna,8154000,CHFL,8644780,94.32,COVID19VaccDosesReceived,vaccine,2021-09-19_16-00-00
2021-09-16,moderna,8154000,CHFL,8644780,94.32,COVID19VaccDosesReceived,vaccine,2021-09-19_16-00-00
2021-09-17,moderna,8154000,CHFL,8644780,94.32,COVID19VaccDosesReceived,vaccine,2021-09-19_16-00-00
2021-09-18,moderna,8154000,CHFL,8644780,94.32,COVID19VaccDosesReceived,vaccine,2021-09-19_16-00-00
2021-09-19,moderna,8154000,CHFL,8644780,94.32,COVID19VaccDosesReceived,vaccine,2021-09-19_16-00-00
2021-02-03,pfizer_biontech,350025,CHFL,8644780,4.05,COVID19VaccDosesReceived,vaccine,2021-09-19_16-00-00
2021-02-04,pfizer_biontech,350025,CHFL,8644780,4.05,COVID19VaccDosesReceived,vaccine,2021-09-19_16-00-00
2021-02-05,pfizer_biontech,350025,CHFL,8644780,4.05,COVID19VaccDosesReceived,vaccine,2021-09-19_16-00-00
2021-02-06,pfizer_biontech,350025,CHFL,8644780,4.05,COVID19VaccDosesReceived,vaccine,2021-09-19_16-00-00
2021-02-07,pfizer_biontech,350025,CHFL,8644780,4.05,COVID19VaccDosesReceived,vaccine,2021-09-19_16-00-00
2021-02-08,pfizer_biontech,350025,CHFL,8644780,4.05,COVID19VaccDosesReceived,vaccine,2021-09-19_16-00-00
2021-02-09,pfizer_biontech,350025,CHFL,8644780,4.05,COVID19VaccDosesReceived,vaccine,2021-09-19_16-00-00
2021-02-10,pfizer_biontech,365625,CHFL,8644780,4.23,COVID19VaccDosesReceived,vaccine,2021-09-19_16-00-00
2021-02-11,pfizer_biontech,365625,CHFL,8644780,4.23,COVID19VaccDosesReceived,vaccine,2021-09-19_16-00-00
2021-02-12,pfizer_biontech,365625,CHFL,8644780,4.23,COVID19VaccDosesReceived,vaccine,2021-09-19_16-00-00
2021-02-13,pfizer_biontech,365625,CHFL,8644780,4.23,COVID19VaccDosesReceived,vaccine,2021-09-19_16-00-00
2021-02-14,pfizer_biontech,365625,CHFL,8644780,4.23,COVID19VaccDosesReceived,vaccine,2021-09-19_16-00-00
2021-02-15,pfizer_biontech,365625,CHFL,8644780,4.23,COVID19VaccDosesReceived,vaccine,2021-09-19_16-00-00
2021-02-16,pfizer_biontech,365625,CHFL,8644780,4.23,COVID19VaccDosesReceived,vaccine,2021-09-19_16-00-00
2021-02-17,pfizer_biontech,443625,CHFL,8644780,5.13,COVID19VaccDosesReceived,vaccine,2021-09-19_16-00-00
2021-02-18,pfizer_biontech,443625,CHFL,8644780,5.13,COVID19VaccDosesReceived,vaccine,2021-09-19_16-00-00
2021-02-19,pfizer_biontech,443625,CHFL,8644780,5.13,COVID19VaccDosesReceived,vaccine,2021-09-19_16-00-00
2021-02-20,pfizer_biontech,443625,CHFL,8644780,5.13,COVID19VaccDosesReceived,vaccine,2021-09-19_16-00-00
2021-02-21,pfizer_biontech,443625,CHFL,8644780,5.13,COVID19VaccDosesReceived,vaccine,2021-09-19_16-00-00
2021-02-22,pfizer_biontech,443625,CHFL,8644780,5.13,COVID19VaccDosesReceived,vaccine,2021-09-19_16-00-00
2021-02-23,pfizer_biontech,443625,CHFL,8644780,5.13,COVID19VaccDosesReceived,vaccine,2021-09-19_16-00-00
2021-02-24,pfizer_biontech,535275,CHFL,8644780,6.19,COVID19VaccDosesReceived,vaccine,2021-09-19_16-00-00
2021-02-25,pfizer_biontech,535275,CHFL,8644780,6.19,COVID19VaccDosesReceived,vaccine,2021-09-19_16-00-00
2021-02-26,pfizer_biontech,535275,CHFL,8644780,6.19,COVID19VaccDosesReceived,vaccine,2021-09-19_16-00-00
2021-02-27,pfizer_biontech,535275,CHFL,8644780,6.19,COVID19VaccDosesReceived,vaccine,2021-09-19_16-00-00
2021-02-28,pfizer_biontech,535275,CHFL,8644780,6.19,COVID19VaccDosesReceived,vaccine,2021-09-19_16-00-00
2021-03-01,pfizer_biontech,535275,CHFL,8644780,6.19,COVID19VaccDosesReceived,vaccine,2021-09-19_16-00-00
2021-03-02,pfizer_biontech,535275,CHFL,8644780,6.19,COVID19VaccDosesReceived,vaccine,2021-09-19_16-00-00
2021-03-03,pfizer_biontech,678600,CHFL,8644780,7.85,COVID19VaccDosesReceived,vaccine,2021-09-19_16-00-00
2021-03-04,pfizer_biontech,678600,CHFL,8644780,7.85,COVID19VaccDosesReceived,vaccine,2021-09-19_16-00-00
2021-03-05,pfizer_biontech,678600,CHFL,8644780,7.85,COVID19VaccDosesReceived,vaccine,2021-09-19_16-00-00
2021-03-06,pfizer_biontech,678600,CHFL,8644780,7.85,COVID19VaccDosesReceived,vaccine,2021-09-19_16-00-00
2021-03-07,pfizer_biontech,678600,CHFL,8644780,7.85,COVID19VaccDosesReceived,vaccine,2021-09-19_16-00-00
2021-03-08,pfizer_biontech,678600,CHFL,8644780,7.85,COVID19VaccDosesReceived,vaccine,2021-09-19_16-00-00
2021-03-09,pfizer_biontech,678600,CHFL,8644780,7.85,COVID19VaccDosesReceived,vaccine,2021-09-19_16-00-00
2021-03-10,pfizer_biontech,732225,CHFL,8644780,8.47,COVID19VaccDosesReceived,vaccine,2021-09-19_16-00-00
2021-03-11,pfizer_biontech,732225,CHFL,8644780,8.47,COVID19VaccDosesReceived,vaccine,2021-09-19_16-00-00
2021-03-12,pfizer_biontech,732225,CHFL,8644780,8.47,COVID19VaccDosesReceived,vaccine,2021-09-19_16-00-00
2021-03-13,pfizer_biontech,732225,CHFL,8644780,8.47,COVID19VaccDosesReceived,vaccine,2021-09-19_16-00-00
2021-03-14,pfizer_biontech,732225,CHFL,8644780,8.47,COVID19VaccDosesReceived,vaccine,2021-09-19_16-00-00
2021-03-15,pfizer_biontech,732225,CHFL,8644780,8.47,COVID19VaccDosesReceived,vaccine,2021-09-19_16-00-00
2021-03-16,pfizer_biontech,732225,CHFL,8644780,8.47,COVID19VaccDosesReceived,vaccine,2021-09-19_16-00-00
2021-03-17,pfizer_biontech,759525,CHFL,8644780,8.79,COVID19VaccDosesReceived,vaccine,2021-09-19_16-00-00
2021-03-18,pfizer_biontech,759525,CHFL,8644780,8.79,COVID19VaccDosesReceived,vaccine,2021-09-19_16-00-00
2021-03-19,pfizer_biontech,759525,CHFL,8644780,8.79,COVID19VaccDosesReceived,vaccine,2021-09-19_16-00-00
2021-03-20,pfizer_biontech,759525,CHFL,8644780,8.79,COVID19VaccDosesReceived,vaccine,2021-09-19_16-00-00
2021-03-21,pfizer_biontech,759525,CHFL,8644780,8.79,COVID19VaccDosesReceived,vaccine,2021-09-19_16-00-00
2021-03-22,pfizer_biontech,759525,CHFL,8644780,8.79,COVID19VaccDosesReceived,vaccine,2021-09-19_16-00-00
2021-03-23,pfizer_biontech,759525,CHFL,8644780,8.79,COVID19VaccDosesReceived,vaccine,2021-09-19_16-00-00
2021-03-24,pfizer_biontech,835575,CHFL,8644780,9.67,COVID19VaccDosesReceived,vaccine,2021-09-19_16-00-00
2021-03-25,pfizer_biontech,835575,CHFL,8644780,9.67,COVID19VaccDosesReceived,vaccine,2021-09-19_16-00-00
2021-03-26,pfizer_biontech,835575,CHFL,8644780,9.67,COVID19VaccDosesReceived,vaccine,2021-09-19_16-00-00
2021-03-27,pfizer_biontech,835575,CHFL,8644780,9.67,COVID19VaccDosesReceived,vaccine,2021-09-19_16-00-00
2021-03-28,pfizer_biontech,835575,CHFL,8644780,9.67,COVID19VaccDosesReceived,vaccine,2021-09-19_16-00-00
2021-03-29,pfizer_biontech,835575,CHFL,8644780,9.67,COVID19VaccDosesReceived,vaccine,2021-09-19_16-00-00
2021-03-30,pfizer_biontech,835575,CHFL,8644780,9.67,COVID19VaccDosesReceived,vaccine,2021-09-19_16-00-00
2021-03-31,pfizer_biontech,835575,CHFL,8644780,9.67,COVID19VaccDosesReceived,vaccine,2021-09-19_16-00-00
2021-04-01,pfizer_biontech,882375,CHFL,8644780,10.21,COVID19VaccDosesReceived,vaccine,2021-09-19_16-00-00
2021-04-02,pfizer_biontech,882375,CHFL,8644780,10.21,COVID19VaccDosesReceived,vaccine,2021-09-19_16-00-00
2021-04-03,pfizer_biontech,882375,CHFL,8644780,10.21,COVID19VaccDosesReceived,vaccine,2021-09-19_16-00-00
2021-04-04,pfizer_biontech,882375,CHFL,8644780,10.21,COVID19VaccDosesReceived,vaccine,2021-09-19_16-00-00
2021-04-05,pfizer_biontech,882375,CHFL,8644780,10.21,COVID19VaccDosesReceived,vaccine,2021-09-19_16-00-00
2021-04-06,pfizer_biontech,882375,CHFL,8644780,10.21,COVID19VaccDosesReceived,vaccine,2021-09-19_16-00-00
2021-04-07,pfizer_biontech,1040325,CHFL,8644780,12.03,COVID19VaccDosesReceived,vaccine,2021-09-19_16-00-00
2021-04-08,pfizer_biontech,1040325,CHFL,8644780,12.03,COVID19VaccDosesReceived,vaccine,2021-09-19_16-00-00
2021-04-09,pfizer_biontech,1040325,CHFL,8644780,12.03,COVID19VaccDosesReceived,vaccine,2021-09-19_16-00-00
2021-04-10,pfizer_biontech,1040325,CHFL,8644780,12.03,COVID19VaccDosesReceived,vaccine,2021-09-19_16-00-00
2021-04-11,pfizer_biontech,1040325,CHFL,8644780,12.03,COVID19VaccDosesReceived,vaccine,2021-09-19_16-00-00
2021-04-12,pfizer_biontech,1040325,CHFL,8644780,12.03,COVID19VaccDosesReceived,vaccine,2021-09-19_16-00-00
2021-04-13,pfizer_biontech,1040325,CHFL,8644780,12.03,COVID19VaccDosesReceived,vaccine,2021-09-19_16-00-00
2021-04-14,pfizer_biontech,1198275,CHFL,8644780,13.86,COVID19VaccDosesReceived,vaccine,2021-09-19_16-00-00
2021-04-15,pfizer_biontech,1198275,CHFL,8644780,13.86,COVID19VaccDosesReceived,vaccine,2021-09-19_16-00-00
2021-04-16,pfizer_biontech,1198275,CHFL,8644780,13.86,COVID19VaccDosesReceived,vaccine,2021-09-19_16-00-00
2021-04-17,pfizer_biontech,1198275,CHFL,8644780,13.86,COVID19VaccDosesReceived,vaccine,2021-09-19_16-00-00
2021-04-18,pfizer_biontech,1198275,CHFL,8644780,13.86,COVID19VaccDosesReceived,vaccine,2021-09-19_16-00-00
2021-04-19,pfizer_biontech,1198275,CHFL,8644780,13.86,COVID19VaccDosesReceived,vaccine,2021-09-19_16-00-00
2021-04-20,pfizer_biontech,1198275,CHFL,8644780,13.86,COVID19VaccDosesReceived,vaccine,2021-09-19_16-00-00
2021-04-21,pfizer_biontech,1357200,CHFL,8644780,15.7,COVID19VaccDosesReceived,vaccine,2021-09-19_16-00-00
2021-04-22,pfizer_biontech,1357200,CHFL,8644780,15.7,COVID19VaccDosesReceived,vaccine,2021-09-19_16-00-00
2021-04-23,pfizer_biontech,1357200,CHFL,8644780,15.7,COVID19VaccDosesReceived,vaccine,2021-09-19_16-00-00
2021-04-24,pfizer_biontech,1357200,CHFL,8644780,15.7,COVID19VaccDosesReceived,vaccine,2021-09-19_16-00-00
2021-04-25,pfizer_biontech,1357200,CHFL,8644780,15.7,COVID19VaccDosesReceived,vaccine,2021-09-19_16-00-00
2021-04-26,pfizer_biontech,1357200,CHFL,8644780,15.7,COVID19VaccDosesReceived,vaccine,2021-09-19_16-00-00
2021-04-27,pfizer_biontech,1357200,CHFL,8644780,15.7,COVID19VaccDosesReceived,vaccine,2021-09-19_16-00-00
2021-04-28,pfizer_biontech,1516125,CHFL,8644780,17.54,COVID19VaccDosesReceived,vaccine,2021-09-19_16-00-00
2021-04-29,pfizer_biontech,1516125,CHFL,8644780,17.54,COVID19VaccDosesReceived,vaccine,2021-09-19_16-00-00
2021-04-30,pfizer_biontech,1516125,CHFL,8644780,17.54,COVID19VaccDosesReceived,vaccine,2021-09-19_16-00-00
2021-05-01,pfizer_biontech,1516125,CHFL,8644780,17.54,COVID19VaccDosesReceived,vaccine,2021-09-19_16-00-00
2021-05-02,pfizer_biontech,1516125,CHFL,8644780,17.54,COVID19VaccDosesReceived,vaccine,2021-09-19_16-00-00
2021-05-03,pfizer_biontech,1516125,CHFL,8644780,17.54,COVID19VaccDosesReceived,vaccine,2021-09-19_16-00-00
2021-05-04,pfizer_biontech,1516125,CHFL,8644780,17.54,COVID19VaccDosesReceived,vaccine,2021-09-19_16-00-00
2021-05-05,pfizer_biontech,1635075,CHFL,8644780,18.91,COVID19VaccDosesReceived,vaccine,2021-09-19_16-00-00
2021-05-06,pfizer_biontech,1635075,CHFL,8644780,18.91,COVID19VaccDosesReceived,vaccine,2021-09-19_16-00-00
2021-05-07,pfizer_biontech,1635075,CHFL,8644780,18.91,COVID19VaccDosesReceived,vaccine,2021-09-19_16-00-00
2021-05-08,pfizer_biontech,1635075,CHFL,8644780,18.91,COVID19VaccDosesReceived,vaccine,2021-09-19_16-00-00
2021-05-09,pfizer_biontech,1635075,CHFL,8644780,18.91,COVID19VaccDosesReceived,vaccine,2021-09-19_16-00-00
2021-05-10,pfizer_biontech,1635075,CHFL,8644780,18.91,COVID19VaccDosesReceived,vaccine,2021-09-19_16-00-00
2021-05-11,pfizer_biontech,1635075,CHFL,8644780,18.91,COVID19VaccDosesReceived,vaccine,2021-09-19_16-00-00
2021-05-12,pfizer_biontech,1754025,CHFL,8644780,20.29,COVID19VaccDosesReceived,vaccine,2021-09-19_16-00-00
2021-05-13,pfizer_biontech,1754025,CHFL,8644780,20.29,COVID19VaccDosesReceived,vaccine,2021-09-19_16-00-00
2021-05-14,pfizer_biontech,1754025,CHFL,8644780,20.29,COVID19VaccDosesReceived,vaccine,2021-09-19_16-00-00
2021-05-15,pfizer_biontech,1754025,CHFL,8644780,20.29,COVID19VaccDosesReceived,vaccine,2021-09-19_16-00-00
2021-05-16,pfizer_biontech,1754025,CHFL,8644780,20.29,COVID19VaccDosesReceived,vaccine,2021-09-19_16-00-00
2021-05-17,pfizer_biontech,1754025,CHFL,8644780,20.29,COVID19VaccDosesReceived,vaccine,2021-09-19_16-00-00
2021-05-18,pfizer_biontech,1754025,CHFL,8644780,20.29,COVID19VaccDosesReceived,vaccine,2021-09-19_16-00-00
2021-05-19,pfizer_biontech,1872975,CHFL,8644780,21.67,COVID19VaccDosesReceived,vaccine,2021-09-19_16-00-00
2021-05-20,pfizer_biontech,1872975,CHFL,8644780,21.67,COVID19VaccDosesReceived,vaccine,2021-09-19_16-00-00
2021-05-21,pfizer_biontech,1872975,CHFL,8644780,21.67,COVID19VaccDosesReceived,vaccine,2021-09-19_16-00-00
2021-05-22,pfizer_biontech,1872975,CHFL,8644780,21.67,COVID19VaccDosesReceived,vaccine,2021-09-19_16-00-00
2021-05-23,pfizer_biontech,1872975,CHFL,8644780,21.67,COVID19VaccDosesReceived,vaccine,2021-09-19_16-00-00
2021-05-24,pfizer_biontech,1872975,CHFL,8644780,21.67,COVID19VaccDosesReceived,vaccine,2021-09-19_16-00-00
2021-05-25,pfizer_biontech,1872975,CHFL,8644780,21.67,COVID19VaccDosesReceived,vaccine,2021-09-19_16-00-00
2021-05-26,pfizer_biontech,1992900,CHFL,8644780,23.05,COVID19VaccDosesReceived,vaccine,2021-09-19_16-00-00
2021-05-27,pfizer_biontech,1992900,CHFL,8644780,23.05,COVID19VaccDosesReceived,vaccine,2021-09-19_16-00-00
2021-05-28,pfizer_biontech,1992900,CHFL,8644780,23.05,COVID19VaccDosesReceived,vaccine,2021-09-19_16-00-00
2021-05-29,pfizer_biontech,1992900,CHFL,8644780,23.05,COVID19VaccDosesReceived,vaccine,2021-09-19_16-00-00
2021-05-30,pfizer_biontech,1992900,CHFL,8644780,23.05,COVID19VaccDosesReceived,vaccine,2021-09-19_16-00-00
2021-05-31,pfizer_biontech,1992900,CHFL,8644780,23.05,COVID19VaccDosesReceived,vaccine,2021-09-19_16-00-00
2021-06-01,pfizer_biontech,1992900,CHFL,8644780,23.05,COVID19VaccDosesReceived,vaccine,2021-09-19_16-00-00
2021-06-02,pfizer_biontech,2087475,CHFL,8644780,24.15,COVID19VaccDosesReceived,vaccine,2021-09-19_16-00-00
2021-06-03,pfizer_biontech,2087475,CHFL,8644780,24.15,COVID19VaccDosesReceived,vaccine,2021-09-19_16-00-00
2021-06-04,pfizer_biontech,2087475,CHFL,8644780,24.15,COVID19VaccDosesReceived,vaccine,2021-09-19_16-00-00
2021-06-05,pfizer_biontech,2087475,CHFL,8644780,24.15,COVID19VaccDosesReceived,vaccine,2021-09-19_16-00-00
2021-06-06,pfizer_biontech,2087475,CHFL,8644780,24.15,COVID19VaccDosesReceived,vaccine,2021-09-19_16-00-00
2021-06-07,pfizer_biontech,2087475,CHFL,8644780,24.15,COVID19VaccDosesReceived,vaccine,2021-09-19_16-00-00
2021-06-08,pfizer_biontech,2087475,CHFL,8644780,24.15,COVID19VaccDosesReceived,vaccine,2021-09-19_16-00-00
2021-06-09,pfizer_biontech,2183025,CHFL,8644780,25.25,COVID19VaccDosesReceived,vaccine,2021-09-19_16-00-00
2021-06-10,pfizer_biontech,2183025,CHFL,8644780,25.25,COVID19VaccDosesReceived,vaccine,2021-09-19_16-00-00
2021-06-11,pfizer_biontech,2183025,CHFL,8644780,25.25,COVID19VaccDosesReceived,vaccine,2021-09-19_16-00-00
2021-06-12,pfizer_biontech,2183025,CHFL,8644780,25.25,COVID19VaccDosesReceived,vaccine,2021-09-19_16-00-00
2021-06-13,pfizer_biontech,2183025,CHFL,8644780,25.25,COVID19VaccDosesReceived,vaccine,2021-09-19_16-00-00
2021-06-14,pfizer_biontech,2183025,CHFL,8644780,25.25,COVID19VaccDosesReceived,vaccine,2021-09-19_16-00-00
2021-06-15,pfizer_biontech,2183025,CHFL,8644780,25.25,COVID19VaccDosesReceived,vaccine,2021-09-19_16-00-00
2021-06-16,pfizer_biontech,2278575,CHFL,8644780,26.36,COVID19VaccDosesReceived,vaccine,2021-09-19_16-00-00
2021-06-17,pfizer_biontech,2278575,CHFL,8644780,26.36,COVID19VaccDosesReceived,vaccine,2021-09-19_16-00-00
2021-06-18,pfizer_biontech,2278575,CHFL,8644780,26.36,COVID19VaccDosesReceived,vaccine,2021-09-19_16-00-00
2021-06-19,pfizer_biontech,2278575,CHFL,8644780,26.36,COVID19VaccDosesReceived,vaccine,2021-09-19_16-00-00
2021-06-20,pfizer_biontech,2278575,CHFL,8644780,26.36,COVID19VaccDosesReceived,vaccine,2021-09-19_16-00-00
2021-06-21,pfizer_biontech,2278575,CHFL,8644780,26.36,COVID19VaccDosesReceived,vaccine,2021-09-19_16-00-00
2021-06-22,pfizer_biontech,2278575,CHFL,8644780,26.36,COVID19VaccDosesReceived,vaccine,2021-09-19_16-00-00
2021-06-23,pfizer_biontech,2374125,CHFL,8644780,27.46,COVID19VaccDosesReceived,vaccine,2021-09-19_16-00-00
2021-06-24,pfizer_biontech,2374125,CHFL,8644780,27.46,COVID19VaccDosesReceived,vaccine,2021-09-19_16-00-00
2021-06-25,pfizer_biontech,2374125,CHFL,8644780,27.46,COVID19VaccDosesReceived,vaccine,2021-09-19_16-00-00
2021-06-26,pfizer_biontech,2374125,CHFL,8644780,27.46,COVID19VaccDosesReceived,vaccine,2021-09-19_16-00-00
2021-06-27,pfizer_biontech,2374125,CHFL,8644780,27.46,COVID19VaccDosesReceived,vaccine,2021-09-19_16-00-00
2021-06-28,pfizer_biontech,2374125,CHFL,8644780,27.46,COVID19VaccDosesReceived,vaccine,2021-09-19_16-00-00
2021-06-29,pfizer_biontech,2374125,CHFL,8644780,27.46,COVID19VaccDosesReceived,vaccine,2021-09-19_16-00-00
2021-06-30,pfizer_biontech,2469675,CHFL,8644780,28.57,COVID19VaccDosesReceived,vaccine,2021-09-19_16-00-00
2021-07-01,pfizer_biontech,2469675,CHFL,8644780,28.57,COVID19VaccDosesReceived,vaccine,2021-09-19_16-00-00
2021-07-02,pfizer_biontech,2469675,CHFL,8644780,28.57,COVID19VaccDosesReceived,vaccine,2021-09-19_16-00-00
2021-07-03,pfizer_biontech,2469675,CHFL,8644780,28.57,COVID19VaccDosesReceived,vaccine,2021-09-19_16-00-00
2021-07-04,pfizer_biontech,2469675,CHFL,8644780,28.57,COVID19VaccDosesReceived,vaccine,2021-09-19_16-00-00
2021-07-05,pfizer_biontech,2469675,CHFL,8644780,28.57,COVID19VaccDosesReceived,vaccine,2021-09-19_16-00-00
2021-07-06,pfizer_biontech,2469675,CHFL,8644780,28.57,COVID19VaccDosesReceived,vaccine,2021-09-19_16-00-00
2021-07-07,pfizer_biontech,2508675,CHFL,8644780,29.02,COVID19VaccDosesReceived,vaccine,2021-09-19_16-00-00
2021-07-08,pfizer_biontech,2508675,CHFL,8644780,29.02,COVID19VaccDosesReceived,vaccine,2021-09-19_16-00-00
2021-07-09,pfizer_biontech,2508675,CHFL,8644780,29.02,COVID19VaccDosesReceived,vaccine,2021-09-19_16-00-00
2021-07-10,pfizer_biontech,2508675,CHFL,8644780,29.02,COVID19VaccDosesReceived,vaccine,2021-09-19_16-00-00
2021-07-11,pfizer_biontech,2508675,CHFL,8644780,29.02,COVID19VaccDosesReceived,vaccine,2021-09-19_16-00-00
2021-07-12,pfizer_biontech,2508675,CHFL,8644780,29.02,COVID19VaccDosesReceived,vaccine,2021-09-19_16-00-00
2021-07-13,pfizer_biontech,2508675,CHFL,8644780,29.02,COVID19VaccDosesReceived,vaccine,2021-09-19_16-00-00
2021-07-14,pfizer_biontech,2546700,CHFL,8644780,29.46,COVID19VaccDosesReceived,vaccine,2021-09-19_16-00-00
2021-07-15,pfizer_biontech,2546700,CHFL,8644780,29.46,COVID19VaccDosesReceived,vaccine,2021-09-19_16-00-00
2021-07-16,pfizer_biontech,2546700,CHFL,8644780,29.46,COVID19VaccDosesReceived,vaccine,2021-09-19_16-00-00
2021-07-17,pfizer_biontech,2546700,CHFL,8644780,29.46,COVID19VaccDosesReceived,vaccine,2021-09-19_16-00-00
2021-07-18,pfizer_biontech,2546700,CHFL,8644780,29.46,COVID19VaccDosesReceived,vaccine,2021-09-19_16-00-00
2021-07-19,pfizer_biontech,2546700,CHFL,8644780,29.46,COVID19VaccDosesReceived,vaccine,2021-09-19_16-00-00
2021-07-20,pfizer_biontech,2546700,CHFL,8644780,29.46,COVID19VaccDosesReceived,vaccine,2021-09-19_16-00-00
2021-07-21,pfizer_biontech,2634450,CHFL,8644780,30.47,COVID19VaccDosesReceived,vaccine,2021-09-19_16-00-00
2021-07-22,pfizer_biontech,2634450,CHFL,8644780,30.47,COVID19VaccDosesReceived,vaccine,2021-09-19_16-00-00
2021-07-23,pfizer_biontech,2634450,CHFL,8644780,30.47,COVID19VaccDosesReceived,vaccine,2021-09-19_16-00-00
2021-07-24,pfizer_biontech,2634450,CHFL,8644780,30.47,COVID19VaccDosesReceived,vaccine,2021-09-19_16-00-00
2021-07-25,pfizer_biontech,2634450,CHFL,8644780,30.47,COVID19VaccDosesReceived,vaccine,2021-09-19_16-00-00
2021-07-26,pfizer_biontech,2634450,CHFL,8644780,30.47,COVID19VaccDosesReceived,vaccine,2021-09-19_16-00-00
2021-07-27,pfizer_biontech,2634450,CHFL,8644780,30.47,COVID19VaccDosesReceived,vaccine,2021-09-19_16-00-00
2021-07-28,pfizer_biontech,2761200,CHFL,8644780,31.94,COVID19VaccDosesReceived,vaccine,2021-09-19_16-00-00
2021-07-29,pfizer_biontech,2761200,CHFL,8644780,31.94,COVID19VaccDosesReceived,vaccine,2021-09-19_16-00-00
2021-07-30,pfizer_biontech,2761200,CHFL,8644780,31.94,COVID19VaccDosesReceived,vaccine,2021-09-19_16-00-00
2021-07-31,pfizer_biontech,2761200,CHFL,8644780,31.94,COVID19VaccDosesReceived,vaccine,2021-09-19_16-00-00
2021-08-01,pfizer_biontech,2761200,CHFL,8644780,31.94,COVID19VaccDosesReceived,vaccine,2021-09-19_16-00-00
2021-08-02,pfizer_biontech,2761200,CHFL,8644780,31.94,COVID19VaccDosesReceived,vaccine,2021-09-19_16-00-00
2021-08-03,pfizer_biontech,2761200,CHFL,8644780,31.94,COVID19VaccDosesReceived,vaccine,2021-09-19_16-00-00
2021-08-04,pfizer_biontech,2879175,CHFL,8644780,33.31,COVID19VaccDosesReceived,vaccine,2021-09-19_16-00-00
2021-08-05,pfizer_biontech,2879175,CHFL,8644780,33.31,COVID19VaccDosesReceived,vaccine,2021-09-19_16-00-00
2021-08-06,pfizer_biontech,2879175,CHFL,8644780,33.31,COVID19VaccDosesReceived,vaccine,2021-09-19_16-00-00
2021-08-07,pfizer_biontech,2879175,CHFL,8644780,33.31,COVID19VaccDosesReceived,vaccine,2021-09-19_16-00-00
2021-08-08,pfizer_biontech,2879175,CHFL,8644780,33.31,COVID19VaccDosesReceived,vaccine,2021-09-19_16-00-00
2021-08-09,pfizer_biontech,2879175,CHFL,8644780,33.31,COVID19VaccDosesReceived,vaccine,2021-09-19_16-00-00
2021-08-10,pfizer_biontech,2879175,CHFL,8644780,33.31,COVID19VaccDosesReceived,vaccine,2021-09-19_16-00-00
2021-08-11,pfizer_biontech,2963025,CHFL,8644780,34.28,COVID19VaccDosesReceived,vaccine,2021-09-19_16-00-00
2021-08-12,pfizer_biontech,2963025,CHFL,8644780,34.28,COVID19VaccDosesReceived,vaccine,2021-09-19_16-00-00
2021-08-13,pfizer_biontech,2963025,CHFL,8644780,34.28,COVID19VaccDosesReceived,vaccine,2021-09-19_16-00-00
2021-08-14,pfizer_biontech,2963025,CHFL,8644780,34.28,COVID19VaccDosesReceived,vaccine,2021-09-19_16-00-00
2021-08-15,pfizer_biontech,2963025,CHFL,8644780,34.28,COVID19VaccDosesReceived,vaccine,2021-09-19_16-00-00
2021-08-16,pfizer_biontech,2963025,CHFL,8644780,34.28,COVID19VaccDosesReceived,vaccine,2021-09-19_16-00-00
2021-08-17,pfizer_biontech,2963025,CHFL,8644780,34.28,COVID19VaccDosesReceived,vaccine,2021-09-19_16-00-00
2021-08-18,pfizer_biontech,3054675,CHFL,8644780,35.34,COVID19VaccDosesReceived,vaccine,2021-09-19_16-00-00
2021-08-19,pfizer_biontech,3054675,CHFL,8644780,35.34,COVID19VaccDosesReceived,vaccine,2021-09-19_16-00-00
2021-08-20,pfizer_biontech,3054675,CHFL,8644780,35.34,COVID19VaccDosesReceived,vaccine,2021-09-19_16-00-00
2021-08-21,pfizer_biontech,3054675,CHFL,8644780,35.34,COVID19VaccDosesReceived,vaccine,2021-09-19_16-00-00
2021-08-22,pfizer_biontech,3054675,CHFL,8644780,35.34,COVID19VaccDosesReceived,vaccine,2021-09-19_16-00-00
2021-08-23,pfizer_biontech,3054675,CHFL,8644780,35.34,COVID19VaccDosesReceived,vaccine,2021-09-19_16-00-00
2021-08-24,pfizer_biontech,3054675,CHFL,8644780,35.34,COVID19VaccDosesReceived,vaccine,2021-09-19_16-00-00
2021-08-25,pfizer_biontech,3147300,CHFL,8644780,36.41,COVID19VaccDosesReceived,vaccine,2021-09-19_16-00-00
2021-08-26,pfizer_biontech,3147300,CHFL,8644780,36.41,COVID19VaccDosesReceived,vaccine,2021-09-19_16-00-00
2021-08-27,pfizer_biontech,3147300,CHFL,8644780,36.41,COVID19VaccDosesReceived,vaccine,2021-09-19_16-00-00
2021-08-28,pfizer_biontech,3147300,CHFL,8644780,36.41,COVID19VaccDosesReceived,vaccine,2021-09-19_16-00-00
2021-08-29,pfizer_biontech,3147300,CHFL,8644780,36.41,COVID19VaccDosesReceived,vaccine,2021-09-19_16-00-00
2021-08-30,pfizer_biontech,3147300,CHFL,8644780,36.41,COVID19VaccDosesReceived,vaccine,2021-09-19_16-00-00
2021-08-31,pfizer_biontech,3147300,CHFL,8644780,36.41,COVID19VaccDosesReceived,vaccine,2021-09-19_16-00-00
2021-09-01,pfizer_biontech,3276000,CHFL,8644780,37.9,COVID19VaccDosesReceived,vaccine,2021-09-19_16-00-00
2021-09-02,pfizer_biontech,3276000,CHFL,8644780,37.9,COVID19VaccDosesReceived,vaccine,2021-09-19_16-00-00
2021-09-03,pfizer_biontech,3276000,CHFL,8644780,37.9,COVID19VaccDosesReceived,vaccine,2021-09-19_16-00-00
2021-09-04,pfizer_biontech,3276000,CHFL,8644780,37.9,COVID19VaccDosesReceived,vaccine,2021-09-19_16-00-00
2021-09-05,pfizer_biontech,3276000,CHFL,8644780,37.9,COVID19VaccDosesReceived,vaccine,2021-09-19_16-00-00
2021-09-06,pfizer_biontech,3276000,CHFL,8644780,37.9,COVID19VaccDosesReceived,vaccine,2021-09-19_16-00-00
2021-09-07,pfizer_biontech,3276000,CHFL,8644780,37.9,COVID19VaccDosesReceived,vaccine,2021-09-19_16-00-00
2021-09-08,pfizer_biontech,3404700,CHFL,8644780,39.38,COVID19VaccDosesReceived,vaccine,2021-09-19_16-00-00
2021-09-09,pfizer_biontech,3404700,CHFL,8644780,39.38,COVID19VaccDosesReceived,vaccine,2021-09-19_16-00-00
2021-09-10,pfizer_biontech,3404700,CHFL,8644780,39.38,COVID19VaccDosesReceived,vaccine,2021-09-19_16-00-00
2021-09-11,pfizer_biontech,3404700,CHFL,8644780,39.38,COVID19VaccDosesReceived,vaccine,2021-09-19_16-00-00
2021-09-12,pfizer_biontech,3404700,CHFL,8644780,39.38,COVID19VaccDosesReceived,vaccine,2021-09-19_16-00-00
2021-09-13,pfizer_biontech,3404700,CHFL,8644780,39.38,COVID19VaccDosesReceived,vaccine,2021-09-19_16-00-00
2021-09-14,pfizer_biontech,3404700,CHFL,8644780,39.38,COVID19VaccDosesReceived,vaccine,2021-09-19_16-00-00
2021-09-15,pfizer_biontech,3533400,CHFL,8644780,40.87,COVID19VaccDosesReceived,vaccine,2021-09-19_16-00-00
2021-09-16,pfizer_biontech,3533400,CHFL,8644780,40.87,COVID19VaccDosesReceived,vaccine,2021-09-19_16-00-00
2021-09-17,pfizer_biontech,3533400,CHFL,8644780,40.87,COVID19VaccDosesReceived,vaccine,2021-09-19_16-00-00
2021-09-18,pfizer_biontech,3533400,CHFL,8644780,40.87,COVID19VaccDosesReceived,vaccine,2021-09-19_16-00-00
2021-09-19,pfizer_biontech,3533400,CHFL,8644780,40.87,COVID19VaccDosesReceived,vaccine,2021-09-19_16-00-00